[INFO] [launch]: All log files can be found below /home/wy/.ros/log/2026-09-20-10-22-34-354954-ubuntu-SYS-420GP-TNR-1575298
[INFO] [launch]: Default logging verbosity is set to INFO
[INFO] [launch.user]: [Launch] Using param file: /home/wy/go2_sim_ws/ROS2-Gazebo-GO2/install/navigation2/share/navigation2/param/go2_nav2.yaml
[INFO] [component_container_isolated-1]: process started with pid [1575602]
[INFO] [rviz2-2]: process started with pid [1575604]
[rviz2-2] QStandardPaths: XDG_RUNTIME_DIR not set, defaulting to '/tmp/runtime-wy'
[component_container_isolated-1] [INFO] [1789870955.884495675] [robot1.nav2_container]: Load Library: /opt/ros/humble/lib/libcontroller_server_core.so
[component_container_isolated-1] [INFO] [1789870955.898207064] [robot1.nav2_container]: Found class: rclcpp_components::NodeFactoryTemplate<nav2_controller::ControllerServer>
[component_container_isolated-1] [INFO] [1789870955.898273874] [robot1.nav2_container]: Instantiate class: rclcpp_components::NodeFactoryTemplate<nav2_controller::ControllerServer>
[component_container_isolated-1] [INFO] [1789870955.908555647] [robot1.controller_server]: 
[component_container_isolated-1] 	controller_server lifecycle node launched. 
[component_container_isolated-1] 	Waiting on external lifecycle transitions to activate
[component_container_isolated-1] 	See https://design.ros2.org/articles/node_lifecycle.html for more information.
[component_container_isolated-1] [INFO] [1789870955.919986377] [robot1.controller_server]: Creating controller server
[component_container_isolated-1] [INFO] [1789870955.926706666] [robot1.local_costmap.local_costmap]: 
[component_container_isolated-1] 	local_costmap lifecycle node launched. 
[component_container_isolated-1] 	Waiting on external lifecycle transitions to activate
[component_container_isolated-1] 	See https://design.ros2.org/articles/node_lifecycle.html for more information.
[component_container_isolated-1] [INFO] [1789870955.928457469] [robot1.local_costmap.local_costmap]: Creating Costmap
[component_container_isolated-1] [INFO] [1789870955.930386461] [robot1.nav2_container]: Load Library: /opt/ros/humble/lib/libmap_server_core.so
[INFO] [launch_ros.actions.load_composable_nodes]: Loaded node '/robot1/controller_server' in container 'robot1/nav2_container'
[component_container_isolated-1] [INFO] [1789870955.945748616] [robot1.nav2_container]: Found class: rclcpp_components::NodeFactoryTemplate<nav2_map_server::CostmapFilterInfoServer>
[component_container_isolated-1] [INFO] [1789870955.945815532] [robot1.nav2_container]: Found class: rclcpp_components::NodeFactoryTemplate<nav2_map_server::MapSaver>
[component_container_isolated-1] [INFO] [1789870955.945827027] [robot1.nav2_container]: Found class: rclcpp_components::NodeFactoryTemplate<nav2_map_server::MapServer>
[component_container_isolated-1] [INFO] [1789870955.945841320] [robot1.nav2_container]: Instantiate class: rclcpp_components::NodeFactoryTemplate<nav2_map_server::MapServer>
[component_container_isolated-1] [INFO] [1789870955.951761322] [robot1.map_server]: 
[component_container_isolated-1] 	map_server lifecycle node launched. 
[INFO] [launch_ros.actions.load_composable_nodes]: Loaded node '/robot1/map_server' in container 'robot1/nav2_container'
[component_container_isolated-1] 	Waiting on external lifecycle transitions to activate
[component_container_isolated-1] 	See https://design.ros2.org/articles/node_lifecycle.html for more information.
[component_container_isolated-1] [INFO] [1789870955.951844167] [robot1.map_server]: Creating
[component_container_isolated-1] [INFO] [1789870955.952605352] [robot1.nav2_container]: Load Library: /opt/ros/humble/lib/libsmoother_server_core.so
[component_container_isolated-1] [INFO] [1789870955.956113208] [robot1.nav2_container]: Found class: rclcpp_components::NodeFactoryTemplate<nav2_smoother::SmootherServer>
[component_container_isolated-1] [INFO] [1789870955.956165092] [robot1.nav2_container]: Instantiate class: rclcpp_components::NodeFactoryTemplate<nav2_smoother::SmootherServer>
[component_container_isolated-1] [INFO] [1789870955.962135709] [robot1.smoother_server]: 
[component_container_isolated-1] 	smoother_server lifecycle node launched. 
[component_container_isolated-1] 	Waiting on external lifecycle transitions to activate
[component_container_isolated-1] 	See https://design.ros2.org/articles/node_lifecycle.html for more information.
[component_container_isolated-1] [INFO] [1789870955.963894242] [robot1.smoother_server]: Creating smoother server
[component_container_isolated-1] [INFO] [1789870955.964818648] [robot1.nav2_container]: Load Library: /opt/ros/humble/lib/libamcl_core.so
[INFO] [launch_ros.actions.load_composable_nodes]: Loaded node '/robot1/smoother_server' in container 'robot1/nav2_container'
[component_container_isolated-1] [INFO] [1789870955.971084458] [robot1.nav2_container]: Found class: rclcpp_components::NodeFactoryTemplate<nav2_amcl::AmclNode>
[component_container_isolated-1] [INFO] [1789870955.971125541] [robot1.nav2_container]: Instantiate class: rclcpp_components::NodeFactoryTemplate<nav2_amcl::AmclNode>
[component_container_isolated-1] [INFO] [1789870955.977664124] [robot1.amcl]: 
[component_container_isolated-1] 	amcl lifecycle node launched. 
[component_container_isolated-1] 	Waiting on external lifecycle transitions to activate
[component_container_isolated-1] 	See https://design.ros2.org/articles/node_lifecycle.html for more information.
[component_container_isolated-1] [INFO] [1789870955.978856284] [robot1.amcl]: Creating
[component_container_isolated-1] [INFO] [1789870955.982707410] [robot1.nav2_container]: Load Library: /opt/ros/humble/lib/libplanner_server_core.so
[INFO] [launch_ros.actions.load_composable_nodes]: Loaded node '/robot1/amcl' in container 'robot1/nav2_container'
[component_container_isolated-1] [INFO] [1789870955.985536171] [robot1.nav2_container]: Found class: rclcpp_components::NodeFactoryTemplate<nav2_planner::PlannerServer>
[component_container_isolated-1] [INFO] [1789870955.985581520] [robot1.nav2_container]: Instantiate class: rclcpp_components::NodeFactoryTemplate<nav2_planner::PlannerServer>
[rviz2-2] [INFO] [1789870955.988331016] [rviz2]: Stereo is NOT SUPPORTED
[rviz2-2] [INFO] [1789870955.988461387] [rviz2]: OpenGl version: 4.5 (GLSL 4.5)
[component_container_isolated-1] [INFO] [1789870955.992341416] [robot1.planner_server]: 
[component_container_isolated-1] 	planner_server lifecycle node launched. 
[component_container_isolated-1] 	Waiting on external lifecycle transitions to activate
[component_container_isolated-1] 	See https://design.ros2.org/articles/node_lifecycle.html for more information.
[component_container_isolated-1] [INFO] [1789870955.994143934] [robot1.planner_server]: Creating
[component_container_isolated-1] [INFO] [1789870956.001666865] [robot1.global_costmap.global_costmap]: 
[component_container_isolated-1] 	global_costmap lifecycle node launched. 
[component_container_isolated-1] 	Waiting on external lifecycle transitions to activate
[component_container_isolated-1] 	See https://design.ros2.org/articles/node_lifecycle.html for more information.
[component_container_isolated-1] [INFO] [1789870956.002329546] [robot1.global_costmap.global_costmap]: Creating Costmap
[INFO] [launch_ros.actions.load_composable_nodes]: Loaded node '/robot1/planner_server' in container 'robot1/nav2_container'
[component_container_isolated-1] [INFO] [1789870956.004890192] [robot1.nav2_container]: Load Library: /opt/ros/humble/lib/libnav2_lifecycle_manager_core.so
[component_container_isolated-1] [INFO] [1789870956.006783465] [robot1.nav2_container]: Found class: rclcpp_components::NodeFactoryTemplate<nav2_lifecycle_manager::LifecycleManager>
[component_container_isolated-1] [INFO] [1789870956.006818820] [robot1.nav2_container]: Instantiate class: rclcpp_components::NodeFactoryTemplate<nav2_lifecycle_manager::LifecycleManager>
[component_container_isolated-1] [INFO] [1789870956.013156204] [robot1.lifecycle_manager_localization]: Creating
[component_container_isolated-1] [INFO] [1789870956.017165517] [robot1.lifecycle_manager_localization]: [34m[1mCreating and initializing lifecycle service clients[0m[0m
[INFO] [launch_ros.actions.load_composable_nodes]: Loaded node '/robot1/lifecycle_manager_localization' in container 'robot1/nav2_container'
[component_container_isolated-1] [INFO] [1789870956.017407861] [robot1.nav2_container]: Load Library: /opt/ros/humble/lib/libbehavior_server_core.so
[component_container_isolated-1] [INFO] [1789870956.023428271] [robot1.nav2_container]: Found class: rclcpp_components::NodeFactoryTemplate<behavior_server::BehaviorServer>
[component_container_isolated-1] [INFO] [1789870956.023479349] [robot1.nav2_container]: Instantiate class: rclcpp_components::NodeFactoryTemplate<behavior_server::BehaviorServer>
[component_container_isolated-1] [INFO] [1789870956.025799316] [robot1.lifecycle_manager_localization]: [34m[1mStarting managed nodes bringup...[0m[0m
[component_container_isolated-1] [INFO] [1789870956.025871381] [robot1.lifecycle_manager_localization]: [34m[1mConfiguring map_server[0m[0m
[component_container_isolated-1] [INFO] [1789870956.026150868] [robot1.map_server]: Configuring
[component_container_isolated-1] [INFO] [1789870956.026271963] [map_io]: Loading yaml file: /home/wy/go2_sim_ws/ROS2-Gazebo-GO2/install/navigation2/share/navigation2/maps/warehouse_map.yaml
[component_container_isolated-1] [INFO] [1789870956.026875284] [map_io]: resolution: 0.05
[component_container_isolated-1] [INFO] [1789870956.026902487] [map_io]: origin[0]: -8.25
[component_container_isolated-1] [INFO] [1789870956.026914180] [map_io]: origin[1]: -7
[component_container_isolated-1] [INFO] [1789870956.026922925] [map_io]: origin[2]: 0
[component_container_isolated-1] [INFO] [1789870956.026932305] [map_io]: free_thresh: 0.25
[component_container_isolated-1] [INFO] [1789870956.026941561] [map_io]: occupied_thresh: 0.65
[component_container_isolated-1] [INFO] [1789870956.026951435] [map_io]: mode: trinary
[component_container_isolated-1] [INFO] [1789870956.026961239] [map_io]: negate: 0
[component_container_isolated-1] [INFO] [1789870956.027347055] [map_io]: Loading image_file: /home/wy/go2_sim_ws/ROS2-Gazebo-GO2/install/navigation2/share/navigation2/maps/warehouse_map.pgm
[component_container_isolated-1] [INFO] [1789870956.030998245] [robot1.behavior_server]: 
[component_container_isolated-1] 	behavior_server lifecycle node launched. 
[component_container_isolated-1] 	Waiting on external lifecycle transitions to activate
[component_container_isolated-1] 	See https://design.ros2.org/articles/node_lifecycle.html for more information.
[INFO] [launch_ros.actions.load_composable_nodes]: Loaded node '/robot1/behavior_server' in container 'robot1/nav2_container'
[component_container_isolated-1] [INFO] [1789870956.037697686] [robot1.nav2_container]: Load Library: /opt/ros/humble/lib/libbt_navigator_core.so
[component_container_isolated-1] [INFO] [1789870956.043005153] [robot1.nav2_container]: Found class: rclcpp_components::NodeFactoryTemplate<nav2_bt_navigator::BtNavigator>
[component_container_isolated-1] [INFO] [1789870956.043073780] [robot1.nav2_container]: Instantiate class: rclcpp_components::NodeFactoryTemplate<nav2_bt_navigator::BtNavigator>
[component_container_isolated-1] [INFO] [1789870956.051275349] [robot1.bt_navigator]: 
[component_container_isolated-1] 	bt_navigator lifecycle node launched. 
[component_container_isolated-1] 	Waiting on external lifecycle transitions to activate
[component_container_isolated-1] 	See https://design.ros2.org/articles/node_lifecycle.html for more information.
[component_container_isolated-1] [INFO] [1789870956.051378027] [robot1.bt_navigator]: Creating
[INFO] [launch_ros.actions.load_composable_nodes]: Loaded node '/robot1/bt_navigator' in container 'robot1/nav2_container'
[component_container_isolated-1] [INFO] [1789870956.054515540] [robot1.nav2_container]: Load Library: /opt/ros/humble/lib/libwaypoint_follower_core.so
[component_container_isolated-1] [INFO] [1789870956.055774417] [robot1.nav2_container]: Found class: rclcpp_components::NodeFactoryTemplate<nav2_waypoint_follower::WaypointFollower>
[component_container_isolated-1] [INFO] [1789870956.055813077] [robot1.nav2_container]: Instantiate class: rclcpp_components::NodeFactoryTemplate<nav2_waypoint_follower::WaypointFollower>
[component_container_isolated-1] [INFO] [1789870956.062546723] [robot1.waypoint_follower]: 
[component_container_isolated-1] 	waypoint_follower lifecycle node launched. 
[component_container_isolated-1] 	Waiting on external lifecycle transitions to activate
[component_container_isolated-1] 	See https://design.ros2.org/articles/node_lifecycle.html for more information.
[component_container_isolated-1] [INFO] [1789870956.063849851] [robot1.waypoint_follower]: Creating
[component_container_isolated-1] [INFO] [1789870956.065019881] [map_io]: Read map /home/wy/go2_sim_ws/ROS2-Gazebo-GO2/install/navigation2/share/navigation2/maps/warehouse_map.pgm: 615 X 318 map @ 0.05 m/cell
[INFO] [launch_ros.actions.load_composable_nodes]: Loaded node '/robot1/waypoint_follower' in container 'robot1/nav2_container'
[component_container_isolated-1] [INFO] [1789870956.067719593] [robot1.nav2_container]: Load Library: /opt/ros/humble/lib/libvelocity_smoother_core.so
[component_container_isolated-1] [INFO] [1789870956.067861582] [robot1.lifecycle_manager_localization]: [34m[1mConfiguring amcl[0m[0m
[component_container_isolated-1] [INFO] [1789870956.068058821] [robot1.amcl]: Configuring
[component_container_isolated-1] [INFO] [1789870956.068367879] [robot1.amcl]: initTransforms
[component_container_isolated-1] [INFO] [1789870956.069234155] [robot1.nav2_container]: Found class: rclcpp_components::NodeFactoryTemplate<nav2_velocity_smoother::VelocitySmoother>
[component_container_isolated-1] [INFO] [1789870956.069629339] [robot1.nav2_container]: Instantiate class: rclcpp_components::NodeFactoryTemplate<nav2_velocity_smoother::VelocitySmoother>
[component_container_isolated-1] [INFO] [1789870956.077200586] [robot1.amcl]: initPubSub
[component_container_isolated-1] [INFO] [1789870956.078138868] [robot1.velocity_smoother]: 
[component_container_isolated-1] 	velocity_smoother lifecycle node launched. 
[INFO] [launch_ros.actions.load_composable_nodes]: Loaded node '/robot1/velocity_smoother' in container 'robot1/nav2_container'
[component_container_isolated-1] 	Waiting on external lifecycle transitions to activate
[component_container_isolated-1] 	See https://design.ros2.org/articles/node_lifecycle.html for more information.
[component_container_isolated-1] [INFO] [1789870956.078789293] [robot1.amcl]: Subscribed to map topic.
[component_container_isolated-1] [INFO] [1789870956.081195924] [robot1.lifecycle_manager_localization]: [34m[1mActivating map_server[0m[0m
[component_container_isolated-1] [INFO] [1789870956.081349581] [robot1.map_server]: Activating
[component_container_isolated-1] [INFO] [1789870956.081493199] [robot1.nav2_container]: Found class: rclcpp_components::NodeFactoryTemplate<nav2_lifecycle_manager::LifecycleManager>
[component_container_isolated-1] [INFO] [1789870956.081523436] [robot1.nav2_container]: Instantiate class: rclcpp_components::NodeFactoryTemplate<nav2_lifecycle_manager::LifecycleManager>
[component_container_isolated-1] [INFO] [1789870956.081661765] [robot1.map_server]: Creating bond (map_server) to lifecycle manager.
[component_container_isolated-1] [INFO] [1789870956.081918314] [robot1.amcl]: Received a 615 X 318 map @ 0.050 m/pix
[component_container_isolated-1] [INFO] [1789870956.088378434] [robot1.lifecycle_manager_navigation]: Creating
[component_container_isolated-1] [INFO] [1789870956.089909429] [robot1.lifecycle_manager_navigation]: [34m[1mCreating and initializing lifecycle service clients[0m[0m
[INFO] [launch_ros.actions.load_composable_nodes]: Loaded node '/robot1/lifecycle_manager_navigation' in container 'robot1/nav2_container'
[rviz2-2] [INFO] [1789870956.095476472] [rviz2]: Stereo is NOT SUPPORTED
[component_container_isolated-1] [INFO] [1789870956.095642797] [robot1.lifecycle_manager_navigation]: [34m[1mStarting managed nodes bringup...[0m[0m
[component_container_isolated-1] [INFO] [1789870956.095701642] [robot1.lifecycle_manager_navigation]: [34m[1mConfiguring controller_server[0m[0m
[component_container_isolated-1] [INFO] [1789870956.095861331] [robot1.controller_server]: Configuring controller interface
[component_container_isolated-1] [INFO] [1789870956.096155231] [robot1.controller_server]: getting goal checker plugins..
[component_container_isolated-1] [INFO] [1789870956.096376130] [robot1.controller_server]: Controller frequency set to 20.0000Hz
[component_container_isolated-1] [INFO] [1789870956.096444077] [robot1.local_costmap.local_costmap]: Configuring
[component_container_isolated-1] [INFO] [1789870956.099224831] [robot1.local_costmap.local_costmap]: Using plugin "voxel_layer"
[component_container_isolated-1] [INFO] [1789870956.105401793] [robot1.local_costmap.local_costmap]: Subscribed to Topics: scan
[component_container_isolated-1] [INFO] [1789870956.110241981] [robot1.local_costmap.local_costmap]: Initialized plugin "voxel_layer"
[component_container_isolated-1] [INFO] [1789870956.110285023] [robot1.local_costmap.local_costmap]: Using plugin "inflation_layer"
[component_container_isolated-1] [INFO] [1789870956.111303973] [robot1.local_costmap.local_costmap]: Initialized plugin "inflation_layer"
[component_container_isolated-1] [INFO] [1789870956.117582244] [robot1.controller_server]: Created progress_checker : progress_checker of type nav2_controller::SimpleProgressChecker
[component_container_isolated-1] [INFO] [1789870956.120152239] [robot1.controller_server]: Created goal checker : general_goal_checker of type nav2_controller::SimpleGoalChecker
[component_container_isolated-1] [INFO] [1789870956.120698059] [robot1.controller_server]: Controller Server has general_goal_checker  goal checkers available.
[component_container_isolated-1] [INFO] [1789870956.125969034] [robot1.controller_server]: Created controller : FollowPath of type dwb_core::DWBLocalPlanner
[component_container_isolated-1] [INFO] [1789870956.127401248] [robot1.controller_server]: Setting transform_tolerance to 0.200000
[component_container_isolated-1] [INFO] [1789870956.142437075] [robot1.controller_server]: Using critic "RotateToGoal" (dwb_critics::RotateToGoalCritic)
[component_container_isolated-1] [INFO] [1789870956.143282967] [robot1.controller_server]: Critic plugin initialized
[component_container_isolated-1] [INFO] [1789870956.143487321] [robot1.controller_server]: Using critic "Oscillation" (dwb_critics::OscillationCritic)
[component_container_isolated-1] [INFO] [1789870956.144235173] [robot1.controller_server]: Critic plugin initialized
[component_container_isolated-1] [INFO] [1789870956.144517644] [robot1.controller_server]: Using critic "BaseObstacle" (dwb_critics::BaseObstacleCritic)
[component_container_isolated-1] [INFO] [1789870956.144869878] [robot1.controller_server]: Critic plugin initialized
[component_container_isolated-1] [INFO] [1789870956.145057818] [robot1.controller_server]: Using critic "GoalAlign" (dwb_critics::GoalAlignCritic)
[component_container_isolated-1] [INFO] [1789870956.145582290] [robot1.controller_server]: Critic plugin initialized
[component_container_isolated-1] [INFO] [1789870956.145798375] [robot1.controller_server]: Using critic "PathAlign" (dwb_critics::PathAlignCritic)
[component_container_isolated-1] [INFO] [1789870956.146531116] [robot1.controller_server]: Critic plugin initialized
[component_container_isolated-1] [INFO] [1789870956.146719734] [robot1.controller_server]: Using critic "PathDist" (dwb_critics::PathDistCritic)
[component_container_isolated-1] [INFO] [1789870956.147093635] [robot1.controller_server]: Critic plugin initialized
[component_container_isolated-1] [INFO] [1789870956.147293310] [robot1.controller_server]: Using critic "GoalDist" (dwb_critics::GoalDistCritic)
[component_container_isolated-1] [INFO] [1789870956.147632946] [robot1.controller_server]: Critic plugin initialized
[component_container_isolated-1] [INFO] [1789870956.147668664] [robot1.controller_server]: Controller Server has FollowPath  controllers available.
[component_container_isolated-1] [INFO] [1789870956.152510133] [robot1.lifecycle_manager_navigation]: [34m[1mConfiguring smoother_server[0m[0m
[component_container_isolated-1] [INFO] [1789870956.152692127] [robot1.smoother_server]: Configuring smoother server
[component_container_isolated-1] [INFO] [1789870956.159747567] [robot1.smoother_server]: Created smoother : simple_smoother of type nav2_smoother::SimpleSmoother
[component_container_isolated-1] [INFO] [1789870956.160940802] [robot1.smoother_server]: Smoother Server has simple_smoother  smoothers available.
[component_container_isolated-1] [INFO] [1789870956.163925070] [robot1.lifecycle_manager_navigation]: [34m[1mConfiguring planner_server[0m[0m
[component_container_isolated-1] [INFO] [1789870956.164102640] [robot1.planner_server]: Configuring
[component_container_isolated-1] [INFO] [1789870956.164174439] [robot1.global_costmap.global_costmap]: Configuring
[component_container_isolated-1] [INFO] [1789870956.167787776] [robot1.global_costmap.global_costmap]: Using plugin "static_layer"
[component_container_isolated-1] [INFO] [1789870956.168930828] [robot1.global_costmap.global_costmap]: Subscribing to the map topic (/robot1/map) with transient local durability
[component_container_isolated-1] [INFO] [1789870956.169408812] [robot1.global_costmap.global_costmap]: Initialized plugin "static_layer"
[component_container_isolated-1] [INFO] [1789870956.169439256] [robot1.global_costmap.global_costmap]: Using plugin "obstacle_layer"
[component_container_isolated-1] [INFO] [1789870956.170361423] [robot1.global_costmap.global_costmap]: Subscribed to Topics: scan
[component_container_isolated-1] [INFO] [1789870956.173148179] [robot1.global_costmap.global_costmap]: Initialized plugin "obstacle_layer"
[component_container_isolated-1] [INFO] [1789870956.173186552] [robot1.global_costmap.global_costmap]: Using plugin "inflation_layer"
[component_container_isolated-1] [INFO] [1789870956.174027617] [robot1.global_costmap.global_costmap]: Initialized plugin "inflation_layer"
[component_container_isolated-1] [INFO] [1789870956.177844162] [robot1.global_costmap.global_costmap]: StaticLayer: Resizing costmap to 615 X 318 at 0.050000 m/pix
[component_container_isolated-1] [INFO] [1789870956.178919880] [robot1.planner_server]: Created global planner plugin GridBased of type nav2_navfn_planner/NavfnPlanner
[component_container_isolated-1] [INFO] [1789870956.178976729] [robot1.planner_server]: Configuring plugin GridBased of type NavfnPlanner
[component_container_isolated-1] [INFO] [1789870956.180084269] [robot1.planner_server]: Planner Server has GridBased  planners available.
[component_container_isolated-1] [INFO] [1789870956.185923292] [robot1.lifecycle_manager_localization]: Server map_server connected with bond.
[component_container_isolated-1] [INFO] [1789870956.185992933] [robot1.lifecycle_manager_localization]: [34m[1mActivating amcl[0m[0m
[component_container_isolated-1] [INFO] [1789870956.186069789] [robot1.lifecycle_manager_navigation]: [34m[1mConfiguring behavior_server[0m[0m
[component_container_isolated-1] [INFO] [1789870956.186268835] [robot1.behavior_server]: Configuring
[component_container_isolated-1] [INFO] [1789870956.186274397] [robot1.amcl]: Activating
[component_container_isolated-1] [INFO] [1789870956.186358038] [robot1.amcl]: Creating bond (amcl) to lifecycle manager.
[component_container_isolated-1] [INFO] [1789870956.189495701] [robot1.behavior_server]: Creating behavior plugin spin of type nav2_behaviors/Spin
[component_container_isolated-1] [INFO] [1789870956.190690092] [robot1.behavior_server]: Configuring spin
[component_container_isolated-1] [INFO] [1789870956.192951660] [robot1.behavior_server]: Creating behavior plugin backup of type nav2_behaviors/BackUp
[component_container_isolated-1] [INFO] [1789870956.194111056] [robot1.behavior_server]: Configuring backup
[component_container_isolated-1] [INFO] [1789870956.196611947] [robot1.behavior_server]: Creating behavior plugin drive_on_heading of type nav2_behaviors/DriveOnHeading
[component_container_isolated-1] [INFO] [1789870956.197736776] [robot1.behavior_server]: Configuring drive_on_heading
[component_container_isolated-1] [INFO] [1789870956.200448348] [robot1.behavior_server]: Creating behavior plugin wait of type nav2_behaviors/Wait
[component_container_isolated-1] [INFO] [1789870956.201694115] [robot1.behavior_server]: Configuring wait
[component_container_isolated-1] [INFO] [1789870956.204427632] [robot1.lifecycle_manager_navigation]: [34m[1mConfiguring bt_navigator[0m[0m
[component_container_isolated-1] [INFO] [1789870956.204604777] [robot1.bt_navigator]: Configuring
[component_container_isolated-1] [WARN] [1789870956.236235128] [robot1.amcl]: New subscription discovered on topic '/robot1/particle_cloud', requesting incompatible QoS. No messages will be sent to it. Last incompatible policy: RELIABILITY_QOS_POLICY
[component_container_isolated-1] [INFO] [1789870956.288356261] [robot1.lifecycle_manager_localization]: Server amcl connected with bond.
[component_container_isolated-1] [INFO] [1789870956.288463671] [robot1.lifecycle_manager_localization]: [34m[1mManaged nodes are active[0m[0m
[component_container_isolated-1] [INFO] [1789870956.288516158] [robot1.lifecycle_manager_localization]: [34m[1mCreating bond timer...[0m[0m
[component_container_isolated-1] [INFO] [1789870956.289012061] [robot1.lifecycle_manager_navigation]: [34m[1mConfiguring waypoint_follower[0m[0m
[component_container_isolated-1] [INFO] [1789870956.289298118] [robot1.waypoint_follower]: Configuring
[component_container_isolated-1] [INFO] [1789870956.294813434] [robot1.waypoint_follower]: Created waypoint_task_executor : wait_at_waypoint of type nav2_waypoint_follower::WaitAtWaypoint
[component_container_isolated-1] [INFO] [1789870956.296040090] [robot1.lifecycle_manager_navigation]: [34m[1mConfiguring velocity_smoother[0m[0m
[component_container_isolated-1] [INFO] [1789870956.296334523] [robot1.velocity_smoother]: Configuring velocity smoother
[component_container_isolated-1] [INFO] [1789870956.299903925] [robot1.lifecycle_manager_navigation]: [34m[1mActivating controller_server[0m[0m
[component_container_isolated-1] [INFO] [1789870956.300106407] [robot1.controller_server]: Activating
[component_container_isolated-1] [INFO] [1789870956.300184880] [robot1.local_costmap.local_costmap]: Activating
[component_container_isolated-1] [INFO] [1789870956.300209737] [robot1.local_costmap.local_costmap]: Checking transform
[component_container_isolated-1] [INFO] [1789870956.300373540] [robot1.local_costmap.local_costmap]: start
[rviz2-2] [ERROR] [1789870956.335038497] [rviz2]: PluginlibFactory: The plugin for class 'nav2_rviz_plugins/Selector' failed to load. Error: According to the loaded plugin descriptions the class nav2_rviz_plugins/Selector with base class type rviz_common::Panel does not exist. Declared types are  nav2_rviz_plugins/Navigation 2 slam_toolbox::SlamToolboxPlugin
[rviz2-2] [ERROR] [1789870956.335941406] [rviz2]: PluginlibFactory: The plugin for class 'nav2_rviz_plugins/Docking' failed to load. Error: According to the loaded plugin descriptions the class nav2_rviz_plugins/Docking with base class type rviz_common::Panel does not exist. Declared types are  nav2_rviz_plugins/Navigation 2 slam_toolbox::SlamToolboxPlugin
[component_container_isolated-1] [INFO] [1789870956.551092013] [robot1.controller_server]: Creating bond (controller_server) to lifecycle manager.
[component_container_isolated-1] [INFO] [1789870956.640805848] [robot1.amcl]: createLaserObject
[component_container_isolated-1] [INFO] [1789870956.655877435] [robot1.lifecycle_manager_navigation]: Server controller_server connected with bond.
[component_container_isolated-1] [INFO] [1789870956.655945689] [robot1.lifecycle_manager_navigation]: [34m[1mActivating smoother_server[0m[0m
[component_container_isolated-1] [INFO] [1789870956.656216930] [robot1.smoother_server]: Activating
[component_container_isolated-1] [INFO] [1789870956.656268354] [robot1.smoother_server]: Creating bond (smoother_server) to lifecycle manager.
[component_container_isolated-1] [INFO] [1789870956.758792033] [robot1.lifecycle_manager_navigation]: Server smoother_server connected with bond.
[component_container_isolated-1] [INFO] [1789870956.758856150] [robot1.lifecycle_manager_navigation]: [34m[1mActivating planner_server[0m[0m
[component_container_isolated-1] [INFO] [1789870956.759163248] [robot1.planner_server]: Activating
[component_container_isolated-1] [INFO] [1789870956.759243231] [robot1.global_costmap.global_costmap]: Activating
[component_container_isolated-1] [INFO] [1789870956.759266752] [robot1.global_costmap.global_costmap]: Checking transform
[component_container_isolated-1] [INFO] [1789870956.759294613] [robot1.global_costmap.global_costmap]: Timed out waiting for transform from base_link to map to become available, tf error: Invalid frame ID "map" passed to canTransform argument target_frame - frame does not exist
[component_container_isolated-1] [INFO] [1789870957.259357615] [robot1.global_costmap.global_costmap]: Timed out waiting for transform from base_link to map to become available, tf error: Invalid frame ID "map" passed to canTransform argument target_frame - frame does not exist
[rviz2-2] [INFO] [1789870957.414935188] [rviz2]: Stereo is NOT SUPPORTED
[rviz2-2] [INFO] [1789870957.588095338] [rviz2]: Trying to create a map of size 615 x 318 using 1 swatches
[rviz2-2] [ERROR] [1789870957.593249527] [rviz2]: Vertex Program:rviz/glsl120/indexed_8bit_image.vert Fragment Program:rviz/glsl120/indexed_8bit_image.frag GLSL link result : 
[rviz2-2] active samplers with a different type refer to the same texture image unit
[component_container_isolated-1] [INFO] [1789870957.759359063] [robot1.global_costmap.global_costmap]: Timed out waiting for transform from base_link to map to become available, tf error: Invalid frame ID "map" passed to canTransform argument target_frame - frame does not exist
[component_container_isolated-1] [INFO] [1789870958.259362004] [robot1.global_costmap.global_costmap]: Timed out waiting for transform from base_link to map to become available, tf error: Invalid frame ID "map" passed to canTransform argument target_frame - frame does not exist
[component_container_isolated-1] [INFO] [1789870958.759360633] [robot1.global_costmap.global_costmap]: Timed out waiting for transform from base_link to map to become available, tf error: Invalid frame ID "map" passed to canTransform argument target_frame - frame does not exist
[component_container_isolated-1] [INFO] [1789870959.259357646] [robot1.global_costmap.global_costmap]: Timed out waiting for transform from base_link to map to become available, tf error: Invalid frame ID "map" passed to canTransform argument target_frame - frame does not exist
[component_container_isolated-1] [INFO] [1789870959.759362250] [robot1.global_costmap.global_costmap]: Timed out waiting for transform from base_link to map to become available, tf error: Invalid frame ID "map" passed to canTransform argument target_frame - frame does not exist
[rviz2-2] [INFO] [1789870960.257549557] [robot1.rviz2]: Message Filter dropping message: frame 'odom' at time 9175.800 for reason 'discarding message because the queue is full'
[component_container_isolated-1] [INFO] [1789870960.259380570] [robot1.global_costmap.global_costmap]: Timed out waiting for transform from base_link to map to become available, tf error: Invalid frame ID "map" passed to canTransform argument target_frame - frame does not exist
[component_container_isolated-1] [INFO] [1789870960.759435353] [robot1.global_costmap.global_costmap]: Timed out waiting for transform from base_link to map to become available, tf error: Invalid frame ID "map" passed to canTransform argument target_frame - frame does not exist
[rviz2-2] [INFO] [1789870960.872856517] [robot1.rviz2]: Message Filter dropping message: frame 'velodyne' at time 9175.800 for reason 'discarding message because the queue is full'
[component_container_isolated-1] [INFO] [1789870961.259361190] [robot1.global_costmap.global_costmap]: Timed out waiting for transform from base_link to map to become available, tf error: Invalid frame ID "map" passed to canTransform argument target_frame - frame does not exist
[component_container_isolated-1] [INFO] [1789870961.759371118] [robot1.global_costmap.global_costmap]: Timed out waiting for transform from base_link to map to become available, tf error: Invalid frame ID "map" passed to canTransform argument target_frame - frame does not exist
[component_container_isolated-1] [INFO] [1789870962.259751840] [robot1.global_costmap.global_costmap]: Timed out waiting for transform from base_link to map to become available, tf error: Invalid frame ID "map" passed to canTransform argument target_frame - frame does not exist
[component_container_isolated-1] [INFO] [1789870962.759363221] [robot1.global_costmap.global_costmap]: Timed out waiting for transform from base_link to map to become available, tf error: Invalid frame ID "map" passed to canTransform argument target_frame - frame does not exist
[component_container_isolated-1] [INFO] [1789870963.259359447] [robot1.global_costmap.global_costmap]: Timed out waiting for transform from base_link to map to become available, tf error: Invalid frame ID "map" passed to canTransform argument target_frame - frame does not exist
[component_container_isolated-1] [INFO] [1789870963.759377621] [robot1.global_costmap.global_costmap]: Timed out waiting for transform from base_link to map to become available, tf error: Invalid frame ID "map" passed to canTransform argument target_frame - frame does not exist
[component_container_isolated-1] [INFO] [1789870964.259358003] [robot1.global_costmap.global_costmap]: Timed out waiting for transform from base_link to map to become available, tf error: Invalid frame ID "map" passed to canTransform argument target_frame - frame does not exist
[component_container_isolated-1] [WARN] [1789870964.563435954] [robot1.amcl]: AMCL cannot publish a pose or update the transform. Please set the initial pose...
[component_container_isolated-1] [INFO] [1789870964.759363857] [robot1.global_costmap.global_costmap]: Timed out waiting for transform from base_link to map to become available, tf error: Invalid frame ID "map" passed to canTransform argument target_frame - frame does not exist
[component_container_isolated-1] [INFO] [1789870965.259362718] [robot1.global_costmap.global_costmap]: Timed out waiting for transform from base_link to map to become available, tf error: Invalid frame ID "map" passed to canTransform argument target_frame - frame does not exist
[component_container_isolated-1] [INFO] [1789870965.759356256] [robot1.global_costmap.global_costmap]: Timed out waiting for transform from base_link to map to become available, tf error: Invalid frame ID "map" passed to canTransform argument target_frame - frame does not exist
[component_container_isolated-1] [INFO] [1789870966.259365485] [robot1.global_costmap.global_costmap]: Timed out waiting for transform from base_link to map to become available, tf error: Invalid frame ID "map" passed to canTransform argument target_frame - frame does not exist
[component_container_isolated-1] [INFO] [1789870966.759356313] [robot1.global_costmap.global_costmap]: Timed out waiting for transform from base_link to map to become available, tf error: Invalid frame ID "map" passed to canTransform argument target_frame - frame does not exist
[component_container_isolated-1] [INFO] [1789870967.259359181] [robot1.global_costmap.global_costmap]: Timed out waiting for transform from base_link to map to become available, tf error: Invalid frame ID "map" passed to canTransform argument target_frame - frame does not exist
[component_container_isolated-1] [INFO] [1789870967.759361638] [robot1.global_costmap.global_costmap]: Timed out waiting for transform from base_link to map to become available, tf error: Invalid frame ID "map" passed to canTransform argument target_frame - frame does not exist
[component_container_isolated-1] [INFO] [1789870968.259935079] [robot1.global_costmap.global_costmap]: Timed out waiting for transform from base_link to map to become available, tf error: Invalid frame ID "map" passed to canTransform argument target_frame - frame does not exist
[component_container_isolated-1] [INFO] [1789870968.759370005] [robot1.global_costmap.global_costmap]: Timed out waiting for transform from base_link to map to become available, tf error: Invalid frame ID "map" passed to canTransform argument target_frame - frame does not exist
[component_container_isolated-1] [INFO] [1789870969.259358604] [robot1.global_costmap.global_costmap]: Timed out waiting for transform from base_link to map to become available, tf error: Invalid frame ID "map" passed to canTransform argument target_frame - frame does not exist
[component_container_isolated-1] [INFO] [1789870969.759364720] [robot1.global_costmap.global_costmap]: Timed out waiting for transform from base_link to map to become available, tf error: Invalid frame ID "map" passed to canTransform argument target_frame - frame does not exist
[component_container_isolated-1] [INFO] [1789870970.259357049] [robot1.global_costmap.global_costmap]: Timed out waiting for transform from base_link to map to become available, tf error: Invalid frame ID "map" passed to canTransform argument target_frame - frame does not exist
[rviz2-2] [INFO] [1789870970.523181031] [robot1.rviz2]: Message Filter dropping message: frame 'odom' at time 9178.420 for reason 'discarding message because the queue is full'
[component_container_isolated-1] [INFO] [1789870970.759358052] [robot1.global_costmap.global_costmap]: Timed out waiting for transform from base_link to map to become available, tf error: Invalid frame ID "map" passed to canTransform argument target_frame - frame does not exist
[rviz2-2] [INFO] [1789870971.151096972] [robot1.rviz2]: Message Filter dropping message: frame 'velodyne' at time 9178.300 for reason 'discarding message because the queue is full'
[component_container_isolated-1] [INFO] [1789870971.259354808] [robot1.global_costmap.global_costmap]: Timed out waiting for transform from base_link to map to become available, tf error: Invalid frame ID "map" passed to canTransform argument target_frame - frame does not exist
[component_container_isolated-1] [INFO] [1789870971.759358769] [robot1.global_costmap.global_costmap]: Timed out waiting for transform from base_link to map to become available, tf error: Invalid frame ID "map" passed to canTransform argument target_frame - frame does not exist
[component_container_isolated-1] [INFO] [1789870972.259446049] [robot1.global_costmap.global_costmap]: Timed out waiting for transform from base_link to map to become available, tf error: Invalid frame ID "map" passed to canTransform argument target_frame - frame does not exist
[component_container_isolated-1] [INFO] [1789870972.759359223] [robot1.global_costmap.global_costmap]: Timed out waiting for transform from base_link to map to become available, tf error: Invalid frame ID "map" passed to canTransform argument target_frame - frame does not exist
[component_container_isolated-1] [WARN] [1789870973.056724828] [robot1.amcl]: AMCL cannot publish a pose or update the transform. Please set the initial pose...
[component_container_isolated-1] [INFO] [1789870973.259357315] [robot1.global_costmap.global_costmap]: Timed out waiting for transform from base_link to map to become available, tf error: Invalid frame ID "map" passed to canTransform argument target_frame - frame does not exist
[component_container_isolated-1] [INFO] [1789870973.759357142] [robot1.global_costmap.global_costmap]: Timed out waiting for transform from base_link to map to become available, tf error: Invalid frame ID "map" passed to canTransform argument target_frame - frame does not exist
[component_container_isolated-1] [INFO] [1789870974.259362663] [robot1.global_costmap.global_costmap]: Timed out waiting for transform from base_link to map to become available, tf error: Invalid frame ID "map" passed to canTransform argument target_frame - frame does not exist
[component_container_isolated-1] [INFO] [1789870974.759360220] [robot1.global_costmap.global_costmap]: Timed out waiting for transform from base_link to map to become available, tf error: Invalid frame ID "map" passed to canTransform argument target_frame - frame does not exist
[component_container_isolated-1] [INFO] [1789870975.259352506] [robot1.global_costmap.global_costmap]: Timed out waiting for transform from base_link to map to become available, tf error: Invalid frame ID "map" passed to canTransform argument target_frame - frame does not exist
[component_container_isolated-1] [INFO] [1789870975.759368576] [robot1.global_costmap.global_costmap]: Timed out waiting for transform from base_link to map to become available, tf error: Invalid frame ID "map" passed to canTransform argument target_frame - frame does not exist
[component_container_isolated-1] [INFO] [1789870976.259723897] [robot1.global_costmap.global_costmap]: Timed out waiting for transform from base_link to map to become available, tf error: Invalid frame ID "map" passed to canTransform argument target_frame - frame does not exist
[component_container_isolated-1] [INFO] [1789870976.759359051] [robot1.global_costmap.global_costmap]: Timed out waiting for transform from base_link to map to become available, tf error: Invalid frame ID "map" passed to canTransform argument target_frame - frame does not exist
[component_container_isolated-1] [INFO] [1789870977.259359466] [robot1.global_costmap.global_costmap]: Timed out waiting for transform from base_link to map to become available, tf error: Invalid frame ID "map" passed to canTransform argument target_frame - frame does not exist
[component_container_isolated-1] [INFO] [1789870977.759957207] [robot1.global_costmap.global_costmap]: Timed out waiting for transform from base_link to map to become available, tf error: Invalid frame ID "map" passed to canTransform argument target_frame - frame does not exist
[component_container_isolated-1] [INFO] [1789870978.259362665] [robot1.global_costmap.global_costmap]: Timed out waiting for transform from base_link to map to become available, tf error: Invalid frame ID "map" passed to canTransform argument target_frame - frame does not exist
[rviz2-2] [INFO] [1789870978.550104320] [robot1.rviz2]: Message Filter dropping message: frame 'odom' at time 9175.805 for reason 'discarding message because the queue is full'
[component_container_isolated-1] [INFO] [1789870978.759362362] [robot1.global_costmap.global_costmap]: Timed out waiting for transform from base_link to map to become available, tf error: Invalid frame ID "map" passed to canTransform argument target_frame - frame does not exist
[component_container_isolated-1] [INFO] [1789870979.259365658] [robot1.global_costmap.global_costmap]: Timed out waiting for transform from base_link to map to become available, tf error: Invalid frame ID "map" passed to canTransform argument target_frame - frame does not exist
[component_container_isolated-1] [INFO] [1789870979.759359111] [robot1.global_costmap.global_costmap]: Timed out waiting for transform from base_link to map to become available, tf error: Invalid frame ID "map" passed to canTransform argument target_frame - frame does not exist
[component_container_isolated-1] [INFO] [1789870980.259363540] [robot1.global_costmap.global_costmap]: Timed out waiting for transform from base_link to map to become available, tf error: Invalid frame ID "map" passed to canTransform argument target_frame - frame does not exist
[component_container_isolated-1] [INFO] [1789870980.759362830] [robot1.global_costmap.global_costmap]: Timed out waiting for transform from base_link to map to become available, tf error: Invalid frame ID "map" passed to canTransform argument target_frame - frame does not exist
[rviz2-2] [INFO] [1789870980.900246613] [robot1.rviz2]: Message Filter dropping message: frame 'odom' at time 9181.020 for reason 'discarding message because the queue is full'
[component_container_isolated-1] [INFO] [1789870981.259361948] [robot1.global_costmap.global_costmap]: Timed out waiting for transform from base_link to map to become available, tf error: Invalid frame ID "map" passed to canTransform argument target_frame - frame does not exist
[component_container_isolated-1] [WARN] [1789870981.343478083] [robot1.amcl]: AMCL cannot publish a pose or update the transform. Please set the initial pose...
[rviz2-2] [INFO] [1789870981.533413232] [robot1.rviz2]: Message Filter dropping message: frame 'velodyne' at time 9180.800 for reason 'discarding message because the queue is full'
[component_container_isolated-1] [INFO] [1789870981.759367524] [robot1.global_costmap.global_costmap]: Timed out waiting for transform from base_link to map to become available, tf error: Invalid frame ID "map" passed to canTransform argument target_frame - frame does not exist
[component_container_isolated-1] [INFO] [1789870982.259359520] [robot1.global_costmap.global_costmap]: Timed out waiting for transform from base_link to map to become available, tf error: Invalid frame ID "map" passed to canTransform argument target_frame - frame does not exist
[component_container_isolated-1] [INFO] [1789870982.759380089] [robot1.global_costmap.global_costmap]: Timed out waiting for transform from base_link to map to become available, tf error: Invalid frame ID "map" passed to canTransform argument target_frame - frame does not exist
[component_container_isolated-1] [INFO] [1789870983.259359533] [robot1.global_costmap.global_costmap]: Timed out waiting for transform from base_link to map to become available, tf error: Invalid frame ID "map" passed to canTransform argument target_frame - frame does not exist
[component_container_isolated-1] [INFO] [1789870983.759360963] [robot1.global_costmap.global_costmap]: Timed out waiting for transform from base_link to map to become available, tf error: Invalid frame ID "map" passed to canTransform argument target_frame - frame does not exist
[component_container_isolated-1] [INFO] [1789870984.259358520] [robot1.global_costmap.global_costmap]: Timed out waiting for transform from base_link to map to become available, tf error: Invalid frame ID "map" passed to canTransform argument target_frame - frame does not exist
[component_container_isolated-1] [INFO] [1789870984.759360572] [robot1.global_costmap.global_costmap]: Timed out waiting for transform from base_link to map to become available, tf error: Invalid frame ID "map" passed to canTransform argument target_frame - frame does not exist
[component_container_isolated-1] [INFO] [1789870985.259358796] [robot1.global_costmap.global_costmap]: Timed out waiting for transform from base_link to map to become available, tf error: Invalid frame ID "map" passed to canTransform argument target_frame - frame does not exist
[component_container_isolated-1] [INFO] [1789870985.759360563] [robot1.global_costmap.global_costmap]: Timed out waiting for transform from base_link to map to become available, tf error: Invalid frame ID "map" passed to canTransform argument target_frame - frame does not exist
[component_container_isolated-1] [INFO] [1789870986.259352940] [robot1.global_costmap.global_costmap]: Timed out waiting for transform from base_link to map to become available, tf error: Invalid frame ID "map" passed to canTransform argument target_frame - frame does not exist
[component_container_isolated-1] [INFO] [1789870986.759369091] [robot1.global_costmap.global_costmap]: Timed out waiting for transform from base_link to map to become available, tf error: Invalid frame ID "map" passed to canTransform argument target_frame - frame does not exist
[component_container_isolated-1] [INFO] [1789870987.259391324] [robot1.global_costmap.global_costmap]: Timed out waiting for transform from base_link to map to become available, tf error: Invalid frame ID "map" passed to canTransform argument target_frame - frame does not exist
[component_container_isolated-1] [INFO] [1789870987.759371340] [robot1.global_costmap.global_costmap]: Timed out waiting for transform from base_link to map to become available, tf error: Invalid frame ID "map" passed to canTransform argument target_frame - frame does not exist
[component_container_isolated-1] [INFO] [1789870988.259371428] [robot1.global_costmap.global_costmap]: Timed out waiting for transform from base_link to map to become available, tf error: Invalid frame ID "map" passed to canTransform argument target_frame - frame does not exist
[component_container_isolated-1] [INFO] [1789870988.759370023] [robot1.global_costmap.global_costmap]: Timed out waiting for transform from base_link to map to become available, tf error: Invalid frame ID "map" passed to canTransform argument target_frame - frame does not exist
[component_container_isolated-1] [INFO] [1789870989.259368409] [robot1.global_costmap.global_costmap]: Timed out waiting for transform from base_link to map to become available, tf error: Invalid frame ID "map" passed to canTransform argument target_frame - frame does not exist
[component_container_isolated-1] [INFO] [1789870989.759368173] [robot1.global_costmap.global_costmap]: Timed out waiting for transform from base_link to map to become available, tf error: Invalid frame ID "map" passed to canTransform argument target_frame - frame does not exist
[rviz2-2] [INFO] [1789870989.842436531] [robot1.rviz2]: Message Filter dropping message: frame 'odom' at time 9178.476 for reason 'discarding message because the queue is full'
[component_container_isolated-1] [WARN] [1789870990.149150765] [robot1.amcl]: AMCL cannot publish a pose or update the transform. Please set the initial pose...
[component_container_isolated-1] [INFO] [1789870990.259360214] [robot1.global_costmap.global_costmap]: Timed out waiting for transform from base_link to map to become available, tf error: Invalid frame ID "map" passed to canTransform argument target_frame - frame does not exist
[component_container_isolated-1] [INFO] [1789870990.759419676] [robot1.global_costmap.global_costmap]: Timed out waiting for transform from base_link to map to become available, tf error: Invalid frame ID "map" passed to canTransform argument target_frame - frame does not exist
[component_container_isolated-1] [INFO] [1789870991.259369307] [robot1.global_costmap.global_costmap]: Timed out waiting for transform from base_link to map to become available, tf error: Invalid frame ID "map" passed to canTransform argument target_frame - frame does not exist
[rviz2-2] [INFO] [1789870991.304042437] [robot1.rviz2]: Message Filter dropping message: frame 'odom' at time 9183.500 for reason 'discarding message because the queue is full'
[component_container_isolated-1] [INFO] [1789870991.759368926] [robot1.global_costmap.global_costmap]: Timed out waiting for transform from base_link to map to become available, tf error: Invalid frame ID "map" passed to canTransform argument target_frame - frame does not exist
[component_container_isolated-1] [INFO] [1789870992.259370743] [robot1.global_costmap.global_costmap]: Timed out waiting for transform from base_link to map to become available, tf error: Invalid frame ID "map" passed to canTransform argument target_frame - frame does not exist
[rviz2-2] [INFO] [1789870992.359060387] [robot1.rviz2]: Message Filter dropping message: frame 'velodyne' at time 9183.400 for reason 'discarding message because the queue is full'
[component_container_isolated-1] [INFO] [1789870992.759366837] [robot1.global_costmap.global_costmap]: Timed out waiting for transform from base_link to map to become available, tf error: Invalid frame ID "map" passed to canTransform argument target_frame - frame does not exist
[component_container_isolated-1] [INFO] [1789870993.259384385] [robot1.global_costmap.global_costmap]: Timed out waiting for transform from base_link to map to become available, tf error: Invalid frame ID "map" passed to canTransform argument target_frame - frame does not exist
[component_container_isolated-1] [INFO] [1789870993.759393112] [robot1.global_costmap.global_costmap]: Timed out waiting for transform from base_link to map to become available, tf error: Invalid frame ID "map" passed to canTransform argument target_frame - frame does not exist
[component_container_isolated-1] [INFO] [1789870994.259361337] [robot1.global_costmap.global_costmap]: Timed out waiting for transform from base_link to map to become available, tf error: Invalid frame ID "map" passed to canTransform argument target_frame - frame does not exist
[component_container_isolated-1] [INFO] [1789870994.759357594] [robot1.global_costmap.global_costmap]: Timed out waiting for transform from base_link to map to become available, tf error: Invalid frame ID "map" passed to canTransform argument target_frame - frame does not exist
[component_container_isolated-1] [INFO] [1789870995.259369544] [robot1.global_costmap.global_costmap]: Timed out waiting for transform from base_link to map to become available, tf error: Invalid frame ID "map" passed to canTransform argument target_frame - frame does not exist
[component_container_isolated-1] [INFO] [1789870995.759424597] [robot1.global_costmap.global_costmap]: Timed out waiting for transform from base_link to map to become available, tf error: Invalid frame ID "map" passed to canTransform argument target_frame - frame does not exist
[component_container_isolated-1] [INFO] [1789870996.259789229] [robot1.global_costmap.global_costmap]: Timed out waiting for transform from base_link to map to become available, tf error: Invalid frame ID "map" passed to canTransform argument target_frame - frame does not exist
[component_container_isolated-1] [INFO] [1789870996.759356812] [robot1.global_costmap.global_costmap]: Timed out waiting for transform from base_link to map to become available, tf error: Invalid frame ID "map" passed to canTransform argument target_frame - frame does not exist
[component_container_isolated-1] [INFO] [1789870997.259358811] [robot1.global_costmap.global_costmap]: Timed out waiting for transform from base_link to map to become available, tf error: Invalid frame ID "map" passed to canTransform argument target_frame - frame does not exist
[component_container_isolated-1] [INFO] [1789870997.422587618] [robot1.amcl]: Message Filter dropping message: frame 'velodyne' at time 9175.700 for reason 'the timestamp on the message is earlier than all the data in the transform cache'
[component_container_isolated-1] [INFO] [1789870997.759361662] [robot1.global_costmap.global_costmap]: Timed out waiting for transform from base_link to map to become available, tf error: Invalid frame ID "map" passed to canTransform argument target_frame - frame does not exist
[component_container_isolated-1] [INFO] [1789870998.259449586] [robot1.global_costmap.global_costmap]: Timed out waiting for transform from base_link to map to become available, tf error: Invalid frame ID "map" passed to canTransform argument target_frame - frame does not exist
[component_container_isolated-1] [WARN] [1789870998.641406241] [robot1.amcl]: AMCL cannot publish a pose or update the transform. Please set the initial pose...
[component_container_isolated-1] [INFO] [1789870998.759504417] [robot1.global_costmap.global_costmap]: Timed out waiting for transform from base_link to map to become available, tf error: Invalid frame ID "map" passed to canTransform argument target_frame - frame does not exist
[component_container_isolated-1] [INFO] [1789870999.259380345] [robot1.global_costmap.global_costmap]: Timed out waiting for transform from base_link to map to become available, tf error: Invalid frame ID "map" passed to canTransform argument target_frame - frame does not exist
[component_container_isolated-1] [INFO] [1789870999.759376788] [robot1.global_costmap.global_costmap]: Timed out waiting for transform from base_link to map to become available, tf error: Invalid frame ID "map" passed to canTransform argument target_frame - frame does not exist
[component_container_isolated-1] [INFO] [1789871000.259370660] [robot1.global_costmap.global_costmap]: Timed out waiting for transform from base_link to map to become available, tf error: Invalid frame ID "map" passed to canTransform argument target_frame - frame does not exist
[rviz2-2] [INFO] [1789871000.584294258] [robot1.rviz2]: Message Filter dropping message: frame 'odom' at time 9181.162 for reason 'discarding message because the queue is full'
[component_container_isolated-1] [INFO] [1789871000.759378219] [robot1.global_costmap.global_costmap]: Timed out waiting for transform from base_link to map to become available, tf error: Invalid frame ID "map" passed to canTransform argument target_frame - frame does not exist
[component_container_isolated-1] [INFO] [1789871001.259361884] [robot1.global_costmap.global_costmap]: Timed out waiting for transform from base_link to map to become available, tf error: Invalid frame ID "map" passed to canTransform argument target_frame - frame does not exist
[rviz2-2] [INFO] [1789871001.656537718] [robot1.rviz2]: Message Filter dropping message: frame 'odom' at time 9186.030 for reason 'discarding message because the queue is full'
[component_container_isolated-1] [INFO] [1789871001.759361515] [robot1.global_costmap.global_costmap]: Timed out waiting for transform from base_link to map to become available, tf error: Invalid frame ID "map" passed to canTransform argument target_frame - frame does not exist
[component_container_isolated-1] [INFO] [1789871002.259517587] [robot1.global_costmap.global_costmap]: Timed out waiting for transform from base_link to map to become available, tf error: Invalid frame ID "map" passed to canTransform argument target_frame - frame does not exist
[component_container_isolated-1] [INFO] [1789871002.759363726] [robot1.global_costmap.global_costmap]: Timed out waiting for transform from base_link to map to become available, tf error: Invalid frame ID "map" passed to canTransform argument target_frame - frame does not exist
[rviz2-2] [INFO] [1789871002.970761958] [robot1.rviz2]: Message Filter dropping message: frame 'velodyne' at time 9186.000 for reason 'discarding message because the queue is full'
[component_container_isolated-1] [INFO] [1789871003.259354943] [robot1.global_costmap.global_costmap]: Timed out waiting for transform from base_link to map to become available, tf error: Invalid frame ID "map" passed to canTransform argument target_frame - frame does not exist
[component_container_isolated-1] [INFO] [1789871003.759359098] [robot1.global_costmap.global_costmap]: Timed out waiting for transform from base_link to map to become available, tf error: Invalid frame ID "map" passed to canTransform argument target_frame - frame does not exist
[component_container_isolated-1] [INFO] [1789871004.259373674] [robot1.global_costmap.global_costmap]: Timed out waiting for transform from base_link to map to become available, tf error: Invalid frame ID "map" passed to canTransform argument target_frame - frame does not exist
[component_container_isolated-1] [INFO] [1789871004.759360313] [robot1.global_costmap.global_costmap]: Timed out waiting for transform from base_link to map to become available, tf error: Invalid frame ID "map" passed to canTransform argument target_frame - frame does not exist
[component_container_isolated-1] [INFO] [1789871005.260127798] [robot1.global_costmap.global_costmap]: Timed out waiting for transform from base_link to map to become available, tf error: Invalid frame ID "map" passed to canTransform argument target_frame - frame does not exist
[component_container_isolated-1] [INFO] [1789871005.759360803] [robot1.global_costmap.global_costmap]: Timed out waiting for transform from base_link to map to become available, tf error: Invalid frame ID "map" passed to canTransform argument target_frame - frame does not exist
[component_container_isolated-1] [INFO] [1789871006.259408392] [robot1.global_costmap.global_costmap]: Timed out waiting for transform from base_link to map to become available, tf error: Invalid frame ID "map" passed to canTransform argument target_frame - frame does not exist
[component_container_isolated-1] [INFO] [1789871006.759359331] [robot1.global_costmap.global_costmap]: Timed out waiting for transform from base_link to map to become available, tf error: Invalid frame ID "map" passed to canTransform argument target_frame - frame does not exist
[component_container_isolated-1] [WARN] [1789871006.762665818] [robot1.amcl]: AMCL cannot publish a pose or update the transform. Please set the initial pose...
[component_container_isolated-1] [INFO] [1789871007.259375401] [robot1.global_costmap.global_costmap]: Timed out waiting for transform from base_link to map to become available, tf error: Invalid frame ID "map" passed to canTransform argument target_frame - frame does not exist
[component_container_isolated-1] [INFO] [1789871007.759358571] [robot1.global_costmap.global_costmap]: Timed out waiting for transform from base_link to map to become available, tf error: Invalid frame ID "map" passed to canTransform argument target_frame - frame does not exist
[component_container_isolated-1] [INFO] [1789871008.259358117] [robot1.global_costmap.global_costmap]: Timed out waiting for transform from base_link to map to become available, tf error: Invalid frame ID "map" passed to canTransform argument target_frame - frame does not exist
[component_container_isolated-1] [INFO] [1789871008.759414454] [robot1.global_costmap.global_costmap]: Timed out waiting for transform from base_link to map to become available, tf error: Invalid frame ID "map" passed to canTransform argument target_frame - frame does not exist
[component_container_isolated-1] [INFO] [1789871009.259359132] [robot1.global_costmap.global_costmap]: Timed out waiting for transform from base_link to map to become available, tf error: Invalid frame ID "map" passed to canTransform argument target_frame - frame does not exist
[component_container_isolated-1] [INFO] [1789871009.759364573] [robot1.global_costmap.global_costmap]: Timed out waiting for transform from base_link to map to become available, tf error: Invalid frame ID "map" passed to canTransform argument target_frame - frame does not exist
[component_container_isolated-1] [INFO] [1789871010.259360153] [robot1.global_costmap.global_costmap]: Timed out waiting for transform from base_link to map to become available, tf error: Invalid frame ID "map" passed to canTransform argument target_frame - frame does not exist
[component_container_isolated-1] [INFO] [1789871010.759380402] [robot1.global_costmap.global_costmap]: Timed out waiting for transform from base_link to map to become available, tf error: Invalid frame ID "map" passed to canTransform argument target_frame - frame does not exist
[component_container_isolated-1] [INFO] [1789871011.259365200] [robot1.global_costmap.global_costmap]: Timed out waiting for transform from base_link to map to become available, tf error: Invalid frame ID "map" passed to canTransform argument target_frame - frame does not exist
[rviz2-2] [INFO] [1789871011.327009873] [robot1.rviz2]: Message Filter dropping message: frame 'odom' at time 9183.810 for reason 'discarding message because the queue is full'
[rviz2-2] [INFO] [1789871011.724491657] [robot1.rviz2]: Message Filter dropping message: frame 'odom' at time 9188.520 for reason 'discarding message because the queue is full'
[component_container_isolated-1] [INFO] [1789871011.759371020] [robot1.global_costmap.global_costmap]: Timed out waiting for transform from base_link to map to become available, tf error: Invalid frame ID "map" passed to canTransform argument target_frame - frame does not exist
[component_container_isolated-1] [INFO] [1789871012.259923342] [robot1.global_costmap.global_costmap]: Timed out waiting for transform from base_link to map to become available, tf error: Invalid frame ID "map" passed to canTransform argument target_frame - frame does not exist
[component_container_isolated-1] [INFO] [1789871012.759358040] [robot1.global_costmap.global_costmap]: Timed out waiting for transform from base_link to map to become available, tf error: Invalid frame ID "map" passed to canTransform argument target_frame - frame does not exist
[rviz2-2] [INFO] [1789871013.036084011] [robot1.rviz2]: Message Filter dropping message: frame 'velodyne' at time 9188.500 for reason 'discarding message because the queue is full'
[component_container_isolated-1] [INFO] [1789871013.259354031] [robot1.global_costmap.global_costmap]: Timed out waiting for transform from base_link to map to become available, tf error: Invalid frame ID "map" passed to canTransform argument target_frame - frame does not exist
[component_container_isolated-1] [INFO] [1789871013.759365709] [robot1.global_costmap.global_costmap]: Timed out waiting for transform from base_link to map to become available, tf error: Invalid frame ID "map" passed to canTransform argument target_frame - frame does not exist
[component_container_isolated-1] [INFO] [1789871014.259356843] [robot1.global_costmap.global_costmap]: Timed out waiting for transform from base_link to map to become available, tf error: Invalid frame ID "map" passed to canTransform argument target_frame - frame does not exist
[component_container_isolated-1] [INFO] [1789871014.759342725] [robot1.global_costmap.global_costmap]: Timed out waiting for transform from base_link to map to become available, tf error: Invalid frame ID "map" passed to canTransform argument target_frame - frame does not exist
[component_container_isolated-1] [WARN] [1789871015.210269921] [robot1.amcl]: AMCL cannot publish a pose or update the transform. Please set the initial pose...
[component_container_isolated-1] [INFO] [1789871015.259369116] [robot1.global_costmap.global_costmap]: Timed out waiting for transform from base_link to map to become available, tf error: Invalid frame ID "map" passed to canTransform argument target_frame - frame does not exist
[component_container_isolated-1] [INFO] [1789871015.759363501] [robot1.global_costmap.global_costmap]: Timed out waiting for transform from base_link to map to become available, tf error: Invalid frame ID "map" passed to canTransform argument target_frame - frame does not exist
[component_container_isolated-1] [INFO] [1789871016.259356010] [robot1.global_costmap.global_costmap]: Timed out waiting for transform from base_link to map to become available, tf error: Invalid frame ID "map" passed to canTransform argument target_frame - frame does not exist
[component_container_isolated-1] [INFO] [1789871016.759379683] [robot1.global_costmap.global_costmap]: Timed out waiting for transform from base_link to map to become available, tf error: Invalid frame ID "map" passed to canTransform argument target_frame - frame does not exist
[component_container_isolated-1] [INFO] [1789871017.259365935] [robot1.global_costmap.global_costmap]: Timed out waiting for transform from base_link to map to become available, tf error: Invalid frame ID "map" passed to canTransform argument target_frame - frame does not exist
[component_container_isolated-1] [INFO] [1789871017.759353033] [robot1.global_costmap.global_costmap]: Timed out waiting for transform from base_link to map to become available, tf error: Invalid frame ID "map" passed to canTransform argument target_frame - frame does not exist
[component_container_isolated-1] [INFO] [1789871018.259452576] [robot1.global_costmap.global_costmap]: Timed out waiting for transform from base_link to map to become available, tf error: Invalid frame ID "map" passed to canTransform argument target_frame - frame does not exist
[component_container_isolated-1] [INFO] [1789871018.759369964] [robot1.global_costmap.global_costmap]: Timed out waiting for transform from base_link to map to become available, tf error: Invalid frame ID "map" passed to canTransform argument target_frame - frame does not exist
[component_container_isolated-1] [INFO] [1789871019.259366045] [robot1.global_costmap.global_costmap]: Timed out waiting for transform from base_link to map to become available, tf error: Invalid frame ID "map" passed to canTransform argument target_frame - frame does not exist
[component_container_isolated-1] [INFO] [1789871019.759364646] [robot1.global_costmap.global_costmap]: Timed out waiting for transform from base_link to map to become available, tf error: Invalid frame ID "map" passed to canTransform argument target_frame - frame does not exist
[component_container_isolated-1] [INFO] [1789871020.262275539] [robot1.global_costmap.global_costmap]: Timed out waiting for transform from base_link to map to become available, tf error: Invalid frame ID "map" passed to canTransform argument target_frame - frame does not exist
[component_container_isolated-1] [INFO] [1789871020.759355940] [robot1.global_costmap.global_costmap]: Timed out waiting for transform from base_link to map to become available, tf error: Invalid frame ID "map" passed to canTransform argument target_frame - frame does not exist
[component_container_isolated-1] [INFO] [1789871021.259359645] [robot1.global_costmap.global_costmap]: Timed out waiting for transform from base_link to map to become available, tf error: Invalid frame ID "map" passed to canTransform argument target_frame - frame does not exist
[component_container_isolated-1] [INFO] [1789871021.759356415] [robot1.global_costmap.global_costmap]: Timed out waiting for transform from base_link to map to become available, tf error: Invalid frame ID "map" passed to canTransform argument target_frame - frame does not exist
[rviz2-2] [INFO] [1789871021.877954363] [robot1.rviz2]: Message Filter dropping message: frame 'odom' at time 9191.039 for reason 'discarding message because the queue is full'
[component_container_isolated-1] [INFO] [1789871022.259366751] [robot1.global_costmap.global_costmap]: Timed out waiting for transform from base_link to map to become available, tf error: Invalid frame ID "map" passed to canTransform argument target_frame - frame does not exist
[rviz2-2] [INFO] [1789871022.310026288] [robot1.rviz2]: Message Filter dropping message: frame 'odom' at time 9186.475 for reason 'discarding message because the queue is full'
[component_container_isolated-1] [INFO] [1789871022.759361205] [robot1.global_costmap.global_costmap]: Timed out waiting for transform from base_link to map to become available, tf error: Invalid frame ID "map" passed to canTransform argument target_frame - frame does not exist
[component_container_isolated-1] [WARN] [1789871023.224727730] [robot1.amcl]: AMCL cannot publish a pose or update the transform. Please set the initial pose...
[component_container_isolated-1] [INFO] [1789871023.259409447] [robot1.global_costmap.global_costmap]: Timed out waiting for transform from base_link to map to become available, tf error: Invalid frame ID "map" passed to canTransform argument target_frame - frame does not exist
[rviz2-2] [INFO] [1789871023.407823975] [robot1.rviz2]: Message Filter dropping message: frame 'velodyne' at time 9191.100 for reason 'discarding message because the queue is full'
[component_container_isolated-1] [INFO] [1789871023.759369208] [robot1.global_costmap.global_costmap]: Timed out waiting for transform from base_link to map to become available, tf error: Invalid frame ID "map" passed to canTransform argument target_frame - frame does not exist
[component_container_isolated-1] [INFO] [1789871024.259365202] [robot1.global_costmap.global_costmap]: Timed out waiting for transform from base_link to map to become available, tf error: Invalid frame ID "map" passed to canTransform argument target_frame - frame does not exist
[component_container_isolated-1] [INFO] [1789871024.759960805] [robot1.global_costmap.global_costmap]: Timed out waiting for transform from base_link to map to become available, tf error: Invalid frame ID "map" passed to canTransform argument target_frame - frame does not exist
[component_container_isolated-1] [INFO] [1789871025.259352697] [robot1.global_costmap.global_costmap]: Timed out waiting for transform from base_link to map to become available, tf error: Invalid frame ID "map" passed to canTransform argument target_frame - frame does not exist
[component_container_isolated-1] [INFO] [1789871025.759366218] [robot1.global_costmap.global_costmap]: Timed out waiting for transform from base_link to map to become available, tf error: Invalid frame ID "map" passed to canTransform argument target_frame - frame does not exist
[component_container_isolated-1] [INFO] [1789871026.259360359] [robot1.global_costmap.global_costmap]: Timed out waiting for transform from base_link to map to become available, tf error: Invalid frame ID "map" passed to canTransform argument target_frame - frame does not exist
[component_container_isolated-1] [INFO] [1789871026.759374960] [robot1.global_costmap.global_costmap]: Timed out waiting for transform from base_link to map to become available, tf error: Invalid frame ID "map" passed to canTransform argument target_frame - frame does not exist
[component_container_isolated-1] [INFO] [1789871027.259355604] [robot1.global_costmap.global_costmap]: Timed out waiting for transform from base_link to map to become available, tf error: Invalid frame ID "map" passed to canTransform argument target_frame - frame does not exist
[component_container_isolated-1] [INFO] [1789871027.759368712] [robot1.global_costmap.global_costmap]: Timed out waiting for transform from base_link to map to become available, tf error: Invalid frame ID "map" passed to canTransform argument target_frame - frame does not exist
[component_container_isolated-1] [INFO] [1789871028.259352868] [robot1.global_costmap.global_costmap]: Timed out waiting for transform from base_link to map to become available, tf error: Invalid frame ID "map" passed to canTransform argument target_frame - frame does not exist
[component_container_isolated-1] [INFO] [1789871028.759352860] [robot1.global_costmap.global_costmap]: Timed out waiting for transform from base_link to map to become available, tf error: Invalid frame ID "map" passed to canTransform argument target_frame - frame does not exist
[component_container_isolated-1] [INFO] [1789871029.259374766] [robot1.global_costmap.global_costmap]: Timed out waiting for transform from base_link to map to become available, tf error: Invalid frame ID "map" passed to canTransform argument target_frame - frame does not exist
[component_container_isolated-1] [INFO] [1789871029.759357089] [robot1.global_costmap.global_costmap]: Timed out waiting for transform from base_link to map to become available, tf error: Invalid frame ID "map" passed to canTransform argument target_frame - frame does not exist
[component_container_isolated-1] [INFO] [1789871030.259357290] [robot1.global_costmap.global_costmap]: Timed out waiting for transform from base_link to map to become available, tf error: Invalid frame ID "map" passed to canTransform argument target_frame - frame does not exist
[component_container_isolated-1] [INFO] [1789871030.759356679] [robot1.global_costmap.global_costmap]: Timed out waiting for transform from base_link to map to become available, tf error: Invalid frame ID "map" passed to canTransform argument target_frame - frame does not exist
[component_container_isolated-1] [INFO] [1789871031.259369306] [robot1.global_costmap.global_costmap]: Timed out waiting for transform from base_link to map to become available, tf error: Invalid frame ID "map" passed to canTransform argument target_frame - frame does not exist
[component_container_isolated-1] [WARN] [1789871031.275659175] [robot1.amcl]: AMCL cannot publish a pose or update the transform. Please set the initial pose...
[component_container_isolated-1] [INFO] [1789871031.759431316] [robot1.global_costmap.global_costmap]: Timed out waiting for transform from base_link to map to become available, tf error: Invalid frame ID "map" passed to canTransform argument target_frame - frame does not exist
[rviz2-2] [INFO] [1789871032.033541209] [robot1.rviz2]: Message Filter dropping message: frame 'odom' at time 9193.600 for reason 'discarding message because the queue is full'
[component_container_isolated-1] [INFO] [1789871032.259363875] [robot1.global_costmap.global_costmap]: Timed out waiting for transform from base_link to map to become available, tf error: Invalid frame ID "map" passed to canTransform argument target_frame - frame does not exist
[component_container_isolated-1] [INFO] [1789871032.759492180] [robot1.global_costmap.global_costmap]: Timed out waiting for transform from base_link to map to become available, tf error: Invalid frame ID "map" passed to canTransform argument target_frame - frame does not exist
[component_container_isolated-1] [INFO] [1789871033.259359628] [robot1.global_costmap.global_costmap]: Timed out waiting for transform from base_link to map to become available, tf error: Invalid frame ID "map" passed to canTransform argument target_frame - frame does not exist
[rviz2-2] [INFO] [1789871033.302975225] [robot1.rviz2]: Message Filter dropping message: frame 'odom' at time 9189.159 for reason 'discarding message because the queue is full'
[rviz2-2] [INFO] [1789871033.702524244] [robot1.rviz2]: Message Filter dropping message: frame 'velodyne' at time 9193.700 for reason 'discarding message because the queue is full'
[component_container_isolated-1] [INFO] [1789871033.759359601] [robot1.global_costmap.global_costmap]: Timed out waiting for transform from base_link to map to become available, tf error: Invalid frame ID "map" passed to canTransform argument target_frame - frame does not exist
[component_container_isolated-1] [INFO] [1789871034.260325601] [robot1.global_costmap.global_costmap]: Timed out waiting for transform from base_link to map to become available, tf error: Invalid frame ID "map" passed to canTransform argument target_frame - frame does not exist
[component_container_isolated-1] [INFO] [1789871034.759376447] [robot1.global_costmap.global_costmap]: Timed out waiting for transform from base_link to map to become available, tf error: Invalid frame ID "map" passed to canTransform argument target_frame - frame does not exist
[component_container_isolated-1] [INFO] [1789871035.259439027] [robot1.global_costmap.global_costmap]: Timed out waiting for transform from base_link to map to become available, tf error: Invalid frame ID "map" passed to canTransform argument target_frame - frame does not exist
[component_container_isolated-1] [INFO] [1789871035.759365653] [robot1.global_costmap.global_costmap]: Timed out waiting for transform from base_link to map to become available, tf error: Invalid frame ID "map" passed to canTransform argument target_frame - frame does not exist
[component_container_isolated-1] [INFO] [1789871036.259358426] [robot1.global_costmap.global_costmap]: Timed out waiting for transform from base_link to map to become available, tf error: Invalid frame ID "map" passed to canTransform argument target_frame - frame does not exist
[component_container_isolated-1] [INFO] [1789871036.759372376] [robot1.global_costmap.global_costmap]: Timed out waiting for transform from base_link to map to become available, tf error: Invalid frame ID "map" passed to canTransform argument target_frame - frame does not exist
[component_container_isolated-1] [INFO] [1789871037.259362018] [robot1.global_costmap.global_costmap]: Timed out waiting for transform from base_link to map to become available, tf error: Invalid frame ID "map" passed to canTransform argument target_frame - frame does not exist
[component_container_isolated-1] [INFO] [1789871037.759358878] [robot1.global_costmap.global_costmap]: Timed out waiting for transform from base_link to map to become available, tf error: Invalid frame ID "map" passed to canTransform argument target_frame - frame does not exist
[component_container_isolated-1] [INFO] [1789871038.259734184] [robot1.global_costmap.global_costmap]: Timed out waiting for transform from base_link to map to become available, tf error: Invalid frame ID "map" passed to canTransform argument target_frame - frame does not exist
[component_container_isolated-1] [INFO] [1789871038.759357892] [robot1.global_costmap.global_costmap]: Timed out waiting for transform from base_link to map to become available, tf error: Invalid frame ID "map" passed to canTransform argument target_frame - frame does not exist
[component_container_isolated-1] [INFO] [1789871039.259373386] [robot1.global_costmap.global_costmap]: Timed out waiting for transform from base_link to map to become available, tf error: Invalid frame ID "map" passed to canTransform argument target_frame - frame does not exist
[component_container_isolated-1] [WARN] [1789871039.673239521] [robot1.amcl]: AMCL cannot publish a pose or update the transform. Please set the initial pose...
[component_container_isolated-1] [INFO] [1789871039.760948049] [robot1.global_costmap.global_costmap]: Timed out waiting for transform from base_link to map to become available, tf error: Invalid frame ID "map" passed to canTransform argument target_frame - frame does not exist
[component_container_isolated-1] [INFO] [1789871040.259352115] [robot1.global_costmap.global_costmap]: Timed out waiting for transform from base_link to map to become available, tf error: Invalid frame ID "map" passed to canTransform argument target_frame - frame does not exist
[component_container_isolated-1] [INFO] [1789871040.759352122] [robot1.global_costmap.global_costmap]: Timed out waiting for transform from base_link to map to become available, tf error: Invalid frame ID "map" passed to canTransform argument target_frame - frame does not exist
[component_container_isolated-1] [INFO] [1789871041.259358914] [robot1.global_costmap.global_costmap]: Timed out waiting for transform from base_link to map to become available, tf error: Invalid frame ID "map" passed to canTransform argument target_frame - frame does not exist
[component_container_isolated-1] [INFO] [1789871041.759352463] [robot1.global_costmap.global_costmap]: Timed out waiting for transform from base_link to map to become available, tf error: Invalid frame ID "map" passed to canTransform argument target_frame - frame does not exist
[rviz2-2] [INFO] [1789871042.235037642] [robot1.rviz2]: Message Filter dropping message: frame 'odom' at time 9196.120 for reason 'discarding message because the queue is full'
[component_container_isolated-1] [INFO] [1789871042.259361629] [robot1.global_costmap.global_costmap]: Timed out waiting for transform from base_link to map to become available, tf error: Invalid frame ID "map" passed to canTransform argument target_frame - frame does not exist
[component_container_isolated-1] [INFO] [1789871042.759469163] [robot1.global_costmap.global_costmap]: Timed out waiting for transform from base_link to map to become available, tf error: Invalid frame ID "map" passed to canTransform argument target_frame - frame does not exist
[component_container_isolated-1] [INFO] [1789871043.259761843] [robot1.global_costmap.global_costmap]: Timed out waiting for transform from base_link to map to become available, tf error: Invalid frame ID "map" passed to canTransform argument target_frame - frame does not exist
[component_container_isolated-1] [INFO] [1789871043.759414920] [robot1.global_costmap.global_costmap]: Timed out waiting for transform from base_link to map to become available, tf error: Invalid frame ID "map" passed to canTransform argument target_frame - frame does not exist
[rviz2-2] [INFO] [1789871043.792101599] [robot1.rviz2]: Message Filter dropping message: frame 'velodyne' at time 9196.200 for reason 'discarding message because the queue is full'
[rviz2-2] [INFO] [1789871044.015736044] [robot1.rviz2]: Message Filter dropping message: frame 'odom' at time 9191.900 for reason 'discarding message because the queue is full'
[component_container_isolated-1] [INFO] [1789871044.259408294] [robot1.global_costmap.global_costmap]: Timed out waiting for transform from base_link to map to become available, tf error: Invalid frame ID "map" passed to canTransform argument target_frame - frame does not exist
[component_container_isolated-1] [INFO] [1789871044.759354609] [robot1.global_costmap.global_costmap]: Timed out waiting for transform from base_link to map to become available, tf error: Invalid frame ID "map" passed to canTransform argument target_frame - frame does not exist
[component_container_isolated-1] [INFO] [1789871045.259368707] [robot1.global_costmap.global_costmap]: Timed out waiting for transform from base_link to map to become available, tf error: Invalid frame ID "map" passed to canTransform argument target_frame - frame does not exist
[component_container_isolated-1] [INFO] [1789871045.759409905] [robot1.global_costmap.global_costmap]: Timed out waiting for transform from base_link to map to become available, tf error: Invalid frame ID "map" passed to canTransform argument target_frame - frame does not exist
[component_container_isolated-1] [INFO] [1789871046.259357090] [robot1.global_costmap.global_costmap]: Timed out waiting for transform from base_link to map to become available, tf error: Invalid frame ID "map" passed to canTransform argument target_frame - frame does not exist
[component_container_isolated-1] [INFO] [1789871046.759359136] [robot1.global_costmap.global_costmap]: Timed out waiting for transform from base_link to map to become available, tf error: Invalid frame ID "map" passed to canTransform argument target_frame - frame does not exist
[component_container_isolated-1] [INFO] [1789871047.259356596] [robot1.global_costmap.global_costmap]: Timed out waiting for transform from base_link to map to become available, tf error: Invalid frame ID "map" passed to canTransform argument target_frame - frame does not exist
[component_container_isolated-1] [INFO] [1789871047.759351705] [robot1.global_costmap.global_costmap]: Timed out waiting for transform from base_link to map to become available, tf error: Invalid frame ID "map" passed to canTransform argument target_frame - frame does not exist
[component_container_isolated-1] [WARN] [1789871047.908584685] [robot1.amcl]: AMCL cannot publish a pose or update the transform. Please set the initial pose...
[component_container_isolated-1] [INFO] [1789871048.259359899] [robot1.global_costmap.global_costmap]: Timed out waiting for transform from base_link to map to become available, tf error: Invalid frame ID "map" passed to canTransform argument target_frame - frame does not exist
[component_container_isolated-1] [INFO] [1789871048.759370404] [robot1.global_costmap.global_costmap]: Timed out waiting for transform from base_link to map to become available, tf error: Invalid frame ID "map" passed to canTransform argument target_frame - frame does not exist
[component_container_isolated-1] [INFO] [1789871049.259362522] [robot1.global_costmap.global_costmap]: Timed out waiting for transform from base_link to map to become available, tf error: Invalid frame ID "map" passed to canTransform argument target_frame - frame does not exist
[component_container_isolated-1] [INFO] [1789871049.759360564] [robot1.global_costmap.global_costmap]: Timed out waiting for transform from base_link to map to become available, tf error: Invalid frame ID "map" passed to canTransform argument target_frame - frame does not exist
[component_container_isolated-1] [INFO] [1789871050.259352987] [robot1.global_costmap.global_costmap]: Timed out waiting for transform from base_link to map to become available, tf error: Invalid frame ID "map" passed to canTransform argument target_frame - frame does not exist
[component_container_isolated-1] [INFO] [1789871050.759367510] [robot1.global_costmap.global_costmap]: Timed out waiting for transform from base_link to map to become available, tf error: Invalid frame ID "map" passed to canTransform argument target_frame - frame does not exist
[component_container_isolated-1] [INFO] [1789871051.259358951] [robot1.global_costmap.global_costmap]: Timed out waiting for transform from base_link to map to become available, tf error: Invalid frame ID "map" passed to canTransform argument target_frame - frame does not exist
[component_container_isolated-1] [INFO] [1789871051.759360616] [robot1.global_costmap.global_costmap]: Timed out waiting for transform from base_link to map to become available, tf error: Invalid frame ID "map" passed to canTransform argument target_frame - frame does not exist
[component_container_isolated-1] [INFO] [1789871052.259365561] [robot1.global_costmap.global_costmap]: Timed out waiting for transform from base_link to map to become available, tf error: Invalid frame ID "map" passed to canTransform argument target_frame - frame does not exist
[rviz2-2] [INFO] [1789871052.555713099] [robot1.rviz2]: Message Filter dropping message: frame 'odom' at time 9198.599 for reason 'discarding message because the queue is full'
[component_container_isolated-1] [INFO] [1789871052.759377564] [robot1.global_costmap.global_costmap]: Timed out waiting for transform from base_link to map to become available, tf error: Invalid frame ID "map" passed to canTransform argument target_frame - frame does not exist
[component_container_isolated-1] [INFO] [1789871053.259356771] [robot1.global_costmap.global_costmap]: Timed out waiting for transform from base_link to map to become available, tf error: Invalid frame ID "map" passed to canTransform argument target_frame - frame does not exist
[component_container_isolated-1] [INFO] [1789871053.759378798] [robot1.global_costmap.global_costmap]: Timed out waiting for transform from base_link to map to become available, tf error: Invalid frame ID "map" passed to canTransform argument target_frame - frame does not exist
[rviz2-2] [INFO] [1789871054.142485156] [robot1.rviz2]: Message Filter dropping message: frame 'velodyne' at time 9198.700 for reason 'discarding message because the queue is full'
[component_container_isolated-1] [INFO] [1789871054.259444892] [robot1.global_costmap.global_costmap]: Timed out waiting for transform from base_link to map to become available, tf error: Invalid frame ID "map" passed to canTransform argument target_frame - frame does not exist
[component_container_isolated-1] [INFO] [1789871054.759355504] [robot1.global_costmap.global_costmap]: Timed out waiting for transform from base_link to map to become available, tf error: Invalid frame ID "map" passed to canTransform argument target_frame - frame does not exist
[rviz2-2] [INFO] [1789871055.227575189] [robot1.rviz2]: Message Filter dropping message: frame 'odom' at time 9194.600 for reason 'discarding message because the queue is full'
[component_container_isolated-1] [INFO] [1789871055.259365517] [robot1.global_costmap.global_costmap]: Timed out waiting for transform from base_link to map to become available, tf error: Invalid frame ID "map" passed to canTransform argument target_frame - frame does not exist
[component_container_isolated-1] [INFO] [1789871055.759360742] [robot1.global_costmap.global_costmap]: Timed out waiting for transform from base_link to map to become available, tf error: Invalid frame ID "map" passed to canTransform argument target_frame - frame does not exist
[component_container_isolated-1] [WARN] [1789871056.166036133] [robot1.amcl]: AMCL cannot publish a pose or update the transform. Please set the initial pose...
[component_container_isolated-1] [INFO] [1789871056.259356484] [robot1.global_costmap.global_costmap]: Timed out waiting for transform from base_link to map to become available, tf error: Invalid frame ID "map" passed to canTransform argument target_frame - frame does not exist
[component_container_isolated-1] [INFO] [1789871056.759356696] [robot1.global_costmap.global_costmap]: Timed out waiting for transform from base_link to map to become available, tf error: Invalid frame ID "map" passed to canTransform argument target_frame - frame does not exist
[component_container_isolated-1] [INFO] [1789871057.259746729] [robot1.global_costmap.global_costmap]: Timed out waiting for transform from base_link to map to become available, tf error: Invalid frame ID "map" passed to canTransform argument target_frame - frame does not exist
[component_container_isolated-1] [INFO] [1789871057.759379946] [robot1.global_costmap.global_costmap]: Timed out waiting for transform from base_link to map to become available, tf error: Invalid frame ID "map" passed to canTransform argument target_frame - frame does not exist
[component_container_isolated-1] [INFO] [1789871058.259384206] [robot1.global_costmap.global_costmap]: Timed out waiting for transform from base_link to map to become available, tf error: Invalid frame ID "map" passed to canTransform argument target_frame - frame does not exist
[component_container_isolated-1] [INFO] [1789871058.759422267] [robot1.global_costmap.global_costmap]: Timed out waiting for transform from base_link to map to become available, tf error: Invalid frame ID "map" passed to canTransform argument target_frame - frame does not exist
[component_container_isolated-1] [INFO] [1789871059.259358386] [robot1.global_costmap.global_costmap]: Timed out waiting for transform from base_link to map to become available, tf error: Invalid frame ID "map" passed to canTransform argument target_frame - frame does not exist
[component_container_isolated-1] [INFO] [1789871059.759464315] [robot1.global_costmap.global_costmap]: Timed out waiting for transform from base_link to map to become available, tf error: Invalid frame ID "map" passed to canTransform argument target_frame - frame does not exist
[component_container_isolated-1] [INFO] [1789871060.259386618] [robot1.global_costmap.global_costmap]: Timed out waiting for transform from base_link to map to become available, tf error: Invalid frame ID "map" passed to canTransform argument target_frame - frame does not exist
[component_container_isolated-1] [INFO] [1789871060.759351802] [robot1.global_costmap.global_costmap]: Timed out waiting for transform from base_link to map to become available, tf error: Invalid frame ID "map" passed to canTransform argument target_frame - frame does not exist
[component_container_isolated-1] [INFO] [1789871061.259412574] [robot1.global_costmap.global_costmap]: Timed out waiting for transform from base_link to map to become available, tf error: Invalid frame ID "map" passed to canTransform argument target_frame - frame does not exist
[component_container_isolated-1] [INFO] [1789871061.759363154] [robot1.global_costmap.global_costmap]: Timed out waiting for transform from base_link to map to become available, tf error: Invalid frame ID "map" passed to canTransform argument target_frame - frame does not exist
[component_container_isolated-1] [INFO] [1789871062.259378236] [robot1.global_costmap.global_costmap]: Timed out waiting for transform from base_link to map to become available, tf error: Invalid frame ID "map" passed to canTransform argument target_frame - frame does not exist
[component_container_isolated-1] [INFO] [1789871062.759352271] [robot1.global_costmap.global_costmap]: Timed out waiting for transform from base_link to map to become available, tf error: Invalid frame ID "map" passed to canTransform argument target_frame - frame does not exist
[rviz2-2] [INFO] [1789871063.000639418] [robot1.rviz2]: Message Filter dropping message: frame 'odom' at time 9201.140 for reason 'discarding message because the queue is full'
[component_container_isolated-1] [INFO] [1789871063.259355685] [robot1.global_costmap.global_costmap]: Timed out waiting for transform from base_link to map to become available, tf error: Invalid frame ID "map" passed to canTransform argument target_frame - frame does not exist
[component_container_isolated-1] [INFO] [1789871063.759362949] [robot1.global_costmap.global_costmap]: Timed out waiting for transform from base_link to map to become available, tf error: Invalid frame ID "map" passed to canTransform argument target_frame - frame does not exist
[component_container_isolated-1] [INFO] [1789871064.259352641] [robot1.global_costmap.global_costmap]: Timed out waiting for transform from base_link to map to become available, tf error: Invalid frame ID "map" passed to canTransform argument target_frame - frame does not exist
[rviz2-2] [INFO] [1789871064.441116339] [robot1.rviz2]: Message Filter dropping message: frame 'velodyne' at time 9201.200 for reason 'discarding message because the queue is full'
[component_container_isolated-1] [WARN] [1789871064.699519874] [robot1.amcl]: AMCL cannot publish a pose or update the transform. Please set the initial pose...
[component_container_isolated-1] [INFO] [1789871064.759354855] [robot1.global_costmap.global_costmap]: Timed out waiting for transform from base_link to map to become available, tf error: Invalid frame ID "map" passed to canTransform argument target_frame - frame does not exist
[component_container_isolated-1] [INFO] [1789871065.259363737] [robot1.global_costmap.global_costmap]: Timed out waiting for transform from base_link to map to become available, tf error: Invalid frame ID "map" passed to canTransform argument target_frame - frame does not exist
[component_container_isolated-1] [INFO] [1789871065.759362146] [robot1.global_costmap.global_costmap]: Timed out waiting for transform from base_link to map to become available, tf error: Invalid frame ID "map" passed to canTransform argument target_frame - frame does not exist
[component_container_isolated-1] [INFO] [1789871066.259364273] [robot1.global_costmap.global_costmap]: Timed out waiting for transform from base_link to map to become available, tf error: Invalid frame ID "map" passed to canTransform argument target_frame - frame does not exist
[rviz2-2] [INFO] [1789871066.295812339] [robot1.rviz2]: Message Filter dropping message: frame 'odom' at time 9197.299 for reason 'discarding message because the queue is full'
[component_container_isolated-1] [INFO] [1789871066.759355474] [robot1.global_costmap.global_costmap]: Timed out waiting for transform from base_link to map to become available, tf error: Invalid frame ID "map" passed to canTransform argument target_frame - frame does not exist
[component_container_isolated-1] [INFO] [1789871067.259377041] [robot1.global_costmap.global_costmap]: Timed out waiting for transform from base_link to map to become available, tf error: Invalid frame ID "map" passed to canTransform argument target_frame - frame does not exist
[component_container_isolated-1] [INFO] [1789871067.759363230] [robot1.global_costmap.global_costmap]: Timed out waiting for transform from base_link to map to become available, tf error: Invalid frame ID "map" passed to canTransform argument target_frame - frame does not exist
[component_container_isolated-1] [INFO] [1789871068.261292330] [robot1.global_costmap.global_costmap]: Timed out waiting for transform from base_link to map to become available, tf error: Invalid frame ID "map" passed to canTransform argument target_frame - frame does not exist
[component_container_isolated-1] [INFO] [1789871068.759453531] [robot1.global_costmap.global_costmap]: Timed out waiting for transform from base_link to map to become available, tf error: Invalid frame ID "map" passed to canTransform argument target_frame - frame does not exist
[component_container_isolated-1] [INFO] [1789871069.259356923] [robot1.global_costmap.global_costmap]: Timed out waiting for transform from base_link to map to become available, tf error: Invalid frame ID "map" passed to canTransform argument target_frame - frame does not exist
[component_container_isolated-1] [INFO] [1789871069.759352387] [robot1.global_costmap.global_costmap]: Timed out waiting for transform from base_link to map to become available, tf error: Invalid frame ID "map" passed to canTransform argument target_frame - frame does not exist
[component_container_isolated-1] [INFO] [1789871070.259362237] [robot1.global_costmap.global_costmap]: Timed out waiting for transform from base_link to map to become available, tf error: Invalid frame ID "map" passed to canTransform argument target_frame - frame does not exist
[component_container_isolated-1] [INFO] [1789871070.759365432] [robot1.global_costmap.global_costmap]: Timed out waiting for transform from base_link to map to become available, tf error: Invalid frame ID "map" passed to canTransform argument target_frame - frame does not exist
[component_container_isolated-1] [INFO] [1789871071.259361772] [robot1.global_costmap.global_costmap]: Timed out waiting for transform from base_link to map to become available, tf error: Invalid frame ID "map" passed to canTransform argument target_frame - frame does not exist
[component_container_isolated-1] [INFO] [1789871071.759373618] [robot1.global_costmap.global_costmap]: Timed out waiting for transform from base_link to map to become available, tf error: Invalid frame ID "map" passed to canTransform argument target_frame - frame does not exist
[component_container_isolated-1] [INFO] [1789871072.259353503] [robot1.global_costmap.global_costmap]: Timed out waiting for transform from base_link to map to become available, tf error: Invalid frame ID "map" passed to canTransform argument target_frame - frame does not exist
[component_container_isolated-1] [INFO] [1789871072.759425248] [robot1.global_costmap.global_costmap]: Timed out waiting for transform from base_link to map to become available, tf error: Invalid frame ID "map" passed to canTransform argument target_frame - frame does not exist
[component_container_isolated-1] [WARN] [1789871072.959999321] [robot1.amcl]: AMCL cannot publish a pose or update the transform. Please set the initial pose...
[component_container_isolated-1] [INFO] [1789871073.259365409] [robot1.global_costmap.global_costmap]: Timed out waiting for transform from base_link to map to become available, tf error: Invalid frame ID "map" passed to canTransform argument target_frame - frame does not exist
[rviz2-2] [INFO] [1789871073.458945590] [robot1.rviz2]: Message Filter dropping message: frame 'odom' at time 9203.720 for reason 'discarding message because the queue is full'
[component_container_isolated-1] [INFO] [1789871073.760819597] [robot1.global_costmap.global_costmap]: Timed out waiting for transform from base_link to map to become available, tf error: Invalid frame ID "map" passed to canTransform argument target_frame - frame does not exist
[component_container_isolated-1] [INFO] [1789871074.259366030] [robot1.global_costmap.global_costmap]: Timed out waiting for transform from base_link to map to become available, tf error: Invalid frame ID "map" passed to canTransform argument target_frame - frame does not exist
[rviz2-2] [INFO] [1789871074.755402223] [robot1.rviz2]: Message Filter dropping message: frame 'velodyne' at time 9203.700 for reason 'discarding message because the queue is full'
[component_container_isolated-1] [INFO] [1789871074.759352533] [robot1.global_costmap.global_costmap]: Timed out waiting for transform from base_link to map to become available, tf error: Invalid frame ID "map" passed to canTransform argument target_frame - frame does not exist
[component_container_isolated-1] [INFO] [1789871075.259358880] [robot1.global_costmap.global_costmap]: Timed out waiting for transform from base_link to map to become available, tf error: Invalid frame ID "map" passed to canTransform argument target_frame - frame does not exist
[component_container_isolated-1] [INFO] [1789871075.759365319] [robot1.global_costmap.global_costmap]: Timed out waiting for transform from base_link to map to become available, tf error: Invalid frame ID "map" passed to canTransform argument target_frame - frame does not exist
[component_container_isolated-1] [INFO] [1789871076.259353472] [robot1.global_costmap.global_costmap]: Timed out waiting for transform from base_link to map to become available, tf error: Invalid frame ID "map" passed to canTransform argument target_frame - frame does not exist
[component_container_isolated-1] [INFO] [1789871076.759359776] [robot1.global_costmap.global_costmap]: Timed out waiting for transform from base_link to map to become available, tf error: Invalid frame ID "map" passed to canTransform argument target_frame - frame does not exist
[rviz2-2] [INFO] [1789871077.164759995] [robot1.rviz2]: Message Filter dropping message: frame 'odom' at time 9200.000 for reason 'discarding message because the queue is full'
[component_container_isolated-1] [INFO] [1789871077.259360244] [robot1.global_costmap.global_costmap]: Timed out waiting for transform from base_link to map to become available, tf error: Invalid frame ID "map" passed to canTransform argument target_frame - frame does not exist
[component_container_isolated-1] [INFO] [1789871077.708456860] [robot1.amcl]: initialPoseReceived
[component_container_isolated-1] [WARN] [1789871077.708777369] [robot1.amcl]: Failed to transform initial pose in time (Lookup would require extrapolation into the future.  Requested time 9205.505000 but the latest data is at time 9205.500000, when looking up transform from frame [base_link] to frame [odom])
[component_container_isolated-1] [INFO] [1789871077.708837703] [robot1.amcl]: Setting pose (9205.506000): 0.000 0.000 0.000
[component_container_isolated-1] [INFO] [1789871077.759627146] [robot1.global_costmap.global_costmap]: Timed out waiting for transform from base_link to map to become available, tf error: Invalid frame ID "map" passed to canTransform argument target_frame - frame does not exist
[component_container_isolated-1] [INFO] [1789871078.259447419] [robot1.global_costmap.global_costmap]: Timed out waiting for transform from base_link to map to become available, tf error: Lookup would require extrapolation into the past.  Requested time 9205.620000 but the earliest data is at time 9215.500000, when looking up transform from frame [base_link] to frame [map]
[component_container_isolated-1] [INFO] [1789871078.759547248] [robot1.global_costmap.global_costmap]: Timed out waiting for transform from base_link to map to become available, tf error: Lookup would require extrapolation into the past.  Requested time 9205.760000 but the earliest data is at time 9215.500000, when looking up transform from frame [base_link] to frame [map]
[component_container_isolated-1] [INFO] [1789871079.259445317] [robot1.global_costmap.global_costmap]: Timed out waiting for transform from base_link to map to become available, tf error: Lookup would require extrapolation into the past.  Requested time 9205.900000 but the earliest data is at time 9215.500000, when looking up transform from frame [base_link] to frame [map]
[component_container_isolated-1] [INFO] [1789871079.759403162] [robot1.global_costmap.global_costmap]: Timed out waiting for transform from base_link to map to become available, tf error: Lookup would require extrapolation into the past.  Requested time 9206.000000 but the earliest data is at time 9215.500000, when looking up transform from frame [base_link] to frame [map]
[component_container_isolated-1] [INFO] [1789871080.259389718] [robot1.global_costmap.global_costmap]: Timed out waiting for transform from base_link to map to become available, tf error: Lookup would require extrapolation into the past.  Requested time 9206.100000 but the earliest data is at time 9215.500000, when looking up transform from frame [base_link] to frame [map]
[component_container_isolated-1] [INFO] [1789871080.759369288] [robot1.global_costmap.global_costmap]: Timed out waiting for transform from base_link to map to become available, tf error: Lookup would require extrapolation into the past.  Requested time 9206.260000 but the earliest data is at time 9215.500000, when looking up transform from frame [base_link] to frame [map]
[component_container_isolated-1] [INFO] [1789871081.259394202] [robot1.global_costmap.global_costmap]: Timed out waiting for transform from base_link to map to become available, tf error: Lookup would require extrapolation into the past.  Requested time 9206.380000 but the earliest data is at time 9215.500000, when looking up transform from frame [base_link] to frame [map]
[component_container_isolated-1] [INFO] [1789871081.759400169] [robot1.global_costmap.global_costmap]: Timed out waiting for transform from base_link to map to become available, tf error: Lookup would require extrapolation into the past.  Requested time 9206.500000 but the earliest data is at time 9215.500000, when looking up transform from frame [base_link] to frame [map]
[component_container_isolated-1] [INFO] [1789871082.259407928] [robot1.global_costmap.global_costmap]: Timed out waiting for transform from base_link to map to become available, tf error: Lookup would require extrapolation into the past.  Requested time 9206.600000 but the earliest data is at time 9215.500000, when looking up transform from frame [base_link] to frame [map]
[component_container_isolated-1] [INFO] [1789871082.759644465] [robot1.global_costmap.global_costmap]: Timed out waiting for transform from base_link to map to become available, tf error: Lookup would require extrapolation into the past.  Requested time 9206.730000 but the earliest data is at time 9215.500000, when looking up transform from frame [base_link] to frame [map]
[component_container_isolated-1] [INFO] [1789871083.259904435] [robot1.global_costmap.global_costmap]: Timed out waiting for transform from base_link to map to become available, tf error: Lookup would require extrapolation into the past.  Requested time 9206.860000 but the earliest data is at time 9215.500000, when looking up transform from frame [base_link] to frame [map]
[component_container_isolated-1] [INFO] [1789871083.759402303] [robot1.global_costmap.global_costmap]: Timed out waiting for transform from base_link to map to become available, tf error: Lookup would require extrapolation into the past.  Requested time 9207.000000 but the earliest data is at time 9215.500000, when looking up transform from frame [base_link] to frame [map]
[rviz2-2] [INFO] [1789871083.775990354] [robot1.rviz2]: Message Filter dropping message: frame 'odom' at time 9206.778 for reason 'the timestamp on the message is earlier than all the data in the transform cache'
[component_container_isolated-1] [INFO] [1789871084.259377969] [robot1.global_costmap.global_costmap]: Timed out waiting for transform from base_link to map to become available, tf error: Lookup would require extrapolation into the past.  Requested time 9207.120000 but the earliest data is at time 9215.500000, when looking up transform from frame [base_link] to frame [map]
[component_container_isolated-1] [INFO] [1789871084.759437939] [robot1.global_costmap.global_costmap]: Timed out waiting for transform from base_link to map to become available, tf error: Lookup would require extrapolation into the past.  Requested time 9207.220000 but the earliest data is at time 9215.500000, when looking up transform from frame [base_link] to frame [map]
[rviz2-2] [INFO] [1789871085.230602937] [robot1.rviz2]: Message Filter dropping message: frame 'velodyne' at time 9206.300 for reason 'discarding message because the queue is full'
[component_container_isolated-1] [INFO] [1789871085.259379094] [robot1.global_costmap.global_costmap]: Timed out waiting for transform from base_link to map to become available, tf error: Lookup would require extrapolation into the past.  Requested time 9207.360000 but the earliest data is at time 9215.500000, when looking up transform from frame [base_link] to frame [map]
[component_container_isolated-1] [INFO] [1789871085.759401393] [robot1.global_costmap.global_costmap]: Timed out waiting for transform from base_link to map to become available, tf error: Lookup would require extrapolation into the past.  Requested time 9207.500000 but the earliest data is at time 9215.500000, when looking up transform from frame [base_link] to frame [map]
[component_container_isolated-1] [INFO] [1789871086.262962858] [robot1.global_costmap.global_costmap]: Timed out waiting for transform from base_link to map to become available, tf error: Lookup would require extrapolation into the past.  Requested time 9207.620000 but the earliest data is at time 9215.500000, when looking up transform from frame [base_link] to frame [map]
[component_container_isolated-1] [INFO] [1789871086.759367097] [robot1.global_costmap.global_costmap]: Timed out waiting for transform from base_link to map to become available, tf error: Lookup would require extrapolation into the past.  Requested time 9207.720000 but the earliest data is at time 9215.500000, when looking up transform from frame [base_link] to frame [map]
[component_container_isolated-1] [INFO] [1789871087.259382253] [robot1.global_costmap.global_costmap]: Timed out waiting for transform from base_link to map to become available, tf error: Lookup would require extrapolation into the past.  Requested time 9207.840000 but the earliest data is at time 9215.500000, when looking up transform from frame [base_link] to frame [map]
[component_container_isolated-1] [INFO] [1789871087.759385871] [robot1.global_costmap.global_costmap]: Timed out waiting for transform from base_link to map to become available, tf error: Lookup would require extrapolation into the past.  Requested time 9207.980000 but the earliest data is at time 9215.500000, when looking up transform from frame [base_link] to frame [map]
[component_container_isolated-1] [INFO] [1789871088.259407555] [robot1.global_costmap.global_costmap]: Timed out waiting for transform from base_link to map to become available, tf error: Lookup would require extrapolation into the past.  Requested time 9208.100000 but the earliest data is at time 9215.500000, when looking up transform from frame [base_link] to frame [map]
[rviz2-2] [INFO] [1789871088.454014682] [robot1.rviz2]: Message Filter dropping message: frame 'odom' at time 9208.022 for reason 'the timestamp on the message is earlier than all the data in the transform cache'
[component_container_isolated-1] [INFO] [1789871088.759380351] [robot1.global_costmap.global_costmap]: Timed out waiting for transform from base_link to map to become available, tf error: Lookup would require extrapolation into the past.  Requested time 9208.200000 but the earliest data is at time 9215.500000, when looking up transform from frame [base_link] to frame [map]
[component_container_isolated-1] [INFO] [1789871089.259399715] [robot1.global_costmap.global_costmap]: Timed out waiting for transform from base_link to map to become available, tf error: Lookup would require extrapolation into the past.  Requested time 9208.320000 but the earliest data is at time 9215.500000, when looking up transform from frame [base_link] to frame [map]
[component_container_isolated-1] [INFO] [1789871089.759382320] [robot1.global_costmap.global_costmap]: Timed out waiting for transform from base_link to map to become available, tf error: Lookup would require extrapolation into the past.  Requested time 9208.420000 but the earliest data is at time 9215.500000, when looking up transform from frame [base_link] to frame [map]
[component_container_isolated-1] [INFO] [1789871090.259381064] [robot1.global_costmap.global_costmap]: Timed out waiting for transform from base_link to map to become available, tf error: Lookup would require extrapolation into the past.  Requested time 9208.540000 but the earliest data is at time 9215.500000, when looking up transform from frame [base_link] to frame [map]
[component_container_isolated-1] [INFO] [1789871090.759424127] [robot1.global_costmap.global_costmap]: Timed out waiting for transform from base_link to map to become available, tf error: Lookup would require extrapolation into the past.  Requested time 9208.680000 but the earliest data is at time 9215.500000, when looking up transform from frame [base_link] to frame [map]
[component_container_isolated-1] [INFO] [1789871091.259391745] [robot1.global_costmap.global_costmap]: Timed out waiting for transform from base_link to map to become available, tf error: Lookup would require extrapolation into the past.  Requested time 9208.800000 but the earliest data is at time 9215.500000, when looking up transform from frame [base_link] to frame [map]
[component_container_isolated-1] [INFO] [1789871091.759389333] [robot1.global_costmap.global_costmap]: Timed out waiting for transform from base_link to map to become available, tf error: Lookup would require extrapolation into the past.  Requested time 9208.900000 but the earliest data is at time 9215.500000, when looking up transform from frame [base_link] to frame [map]
[component_container_isolated-1] [INFO] [1789871092.259521110] [robot1.global_costmap.global_costmap]: Timed out waiting for transform from base_link to map to become available, tf error: Lookup would require extrapolation into the past.  Requested time 9209.000000 but the earliest data is at time 9215.500000, when looking up transform from frame [base_link] to frame [map]
[component_container_isolated-1] [INFO] [1789871092.759487243] [robot1.global_costmap.global_costmap]: Timed out waiting for transform from base_link to map to become available, tf error: Lookup would require extrapolation into the past.  Requested time 9209.100000 but the earliest data is at time 9215.500000, when looking up transform from frame [base_link] to frame [map]
[component_container_isolated-1] [INFO] [1789871093.259390232] [robot1.global_costmap.global_costmap]: Timed out waiting for transform from base_link to map to become available, tf error: Lookup would require extrapolation into the past.  Requested time 9209.200000 but the earliest data is at time 9215.500000, when looking up transform from frame [base_link] to frame [map]
[component_container_isolated-1] [INFO] [1789871093.759425361] [robot1.global_costmap.global_costmap]: Timed out waiting for transform from base_link to map to become available, tf error: Lookup would require extrapolation into the past.  Requested time 9209.330000 but the earliest data is at time 9215.500000, when looking up transform from frame [base_link] to frame [map]
[component_container_isolated-1] [INFO] [1789871094.259378126] [robot1.global_costmap.global_costmap]: Timed out waiting for transform from base_link to map to become available, tf error: Lookup would require extrapolation into the past.  Requested time 9209.460000 but the earliest data is at time 9215.500000, when looking up transform from frame [base_link] to frame [map]
[component_container_isolated-1] [INFO] [1789871094.759383639] [robot1.global_costmap.global_costmap]: Timed out waiting for transform from base_link to map to become available, tf error: Lookup would require extrapolation into the past.  Requested time 9209.560000 but the earliest data is at time 9215.500000, when looking up transform from frame [base_link] to frame [map]
[rviz2-2] [INFO] [1789871094.827760694] [robot1.rviz2]: Message Filter dropping message: frame 'odom' at time 9209.380 for reason 'the timestamp on the message is earlier than all the data in the transform cache'
[component_container_isolated-1] [INFO] [1789871095.259389302] [robot1.global_costmap.global_costmap]: Timed out waiting for transform from base_link to map to become available, tf error: Lookup would require extrapolation into the past.  Requested time 9209.680000 but the earliest data is at time 9215.500000, when looking up transform from frame [base_link] to frame [map]
[component_container_isolated-1] [INFO] [1789871095.759381195] [robot1.global_costmap.global_costmap]: Timed out waiting for transform from base_link to map to become available, tf error: Lookup would require extrapolation into the past.  Requested time 9209.800000 but the earliest data is at time 9215.500000, when looking up transform from frame [base_link] to frame [map]
[rviz2-2] [INFO] [1789871096.115716488] [robot1.rviz2]: Message Filter dropping message: frame 'velodyne' at time 9208.800 for reason 'discarding message because the queue is full'
[component_container_isolated-1] [INFO] [1789871096.259405238] [robot1.global_costmap.global_costmap]: Timed out waiting for transform from base_link to map to become available, tf error: Lookup would require extrapolation into the past.  Requested time 9209.900000 but the earliest data is at time 9215.500000, when looking up transform from frame [base_link] to frame [map]
[component_container_isolated-1] [INFO] [1789871096.759406687] [robot1.global_costmap.global_costmap]: Timed out waiting for transform from base_link to map to become available, tf error: Lookup would require extrapolation into the past.  Requested time 9210.000000 but the earliest data is at time 9215.500000, when looking up transform from frame [base_link] to frame [map]
[component_container_isolated-1] [INFO] [1789871097.259467229] [robot1.global_costmap.global_costmap]: Timed out waiting for transform from base_link to map to become available, tf error: Lookup would require extrapolation into the past.  Requested time 9210.100000 but the earliest data is at time 9215.500000, when looking up transform from frame [base_link] to frame [map]
[component_container_isolated-1] [INFO] [1789871097.759400259] [robot1.global_costmap.global_costmap]: Timed out waiting for transform from base_link to map to become available, tf error: Lookup would require extrapolation into the past.  Requested time 9210.220000 but the earliest data is at time 9215.500000, when looking up transform from frame [base_link] to frame [map]
[component_container_isolated-1] [INFO] [1789871098.259387611] [robot1.global_costmap.global_costmap]: Timed out waiting for transform from base_link to map to become available, tf error: Lookup would require extrapolation into the past.  Requested time 9210.360000 but the earliest data is at time 9215.500000, when looking up transform from frame [base_link] to frame [map]
[component_container_isolated-1] [INFO] [1789871098.759383116] [robot1.global_costmap.global_costmap]: Timed out waiting for transform from base_link to map to become available, tf error: Lookup would require extrapolation into the past.  Requested time 9210.480000 but the earliest data is at time 9215.500000, when looking up transform from frame [base_link] to frame [map]
[component_container_isolated-1] [INFO] [1789871099.259375274] [robot1.global_costmap.global_costmap]: Timed out waiting for transform from base_link to map to become available, tf error: Lookup would require extrapolation into the past.  Requested time 9210.600000 but the earliest data is at time 9215.500000, when looking up transform from frame [base_link] to frame [map]
[component_container_isolated-1] [INFO] [1789871099.759447416] [robot1.global_costmap.global_costmap]: Timed out waiting for transform from base_link to map to become available, tf error: Lookup would require extrapolation into the past.  Requested time 9210.700000 but the earliest data is at time 9215.500000, when looking up transform from frame [base_link] to frame [map]
[rviz2-2] [INFO] [1789871099.946573343] [robot1.rviz2]: Message Filter dropping message: frame 'odom' at time 9210.640 for reason 'the timestamp on the message is earlier than all the data in the transform cache'
[component_container_isolated-1] [INFO] [1789871100.260994777] [robot1.global_costmap.global_costmap]: Timed out waiting for transform from base_link to map to become available, tf error: Lookup would require extrapolation into the past.  Requested time 9210.799000 but the earliest data is at time 9215.500000, when looking up transform from frame [base_link] to frame [map]
[component_container_isolated-1] [INFO] [1789871100.759409893] [robot1.global_costmap.global_costmap]: Timed out waiting for transform from base_link to map to become available, tf error: Lookup would require extrapolation into the past.  Requested time 9210.900000 but the earliest data is at time 9215.500000, when looking up transform from frame [base_link] to frame [map]
[component_container_isolated-1] [INFO] [1789871101.259423186] [robot1.global_costmap.global_costmap]: Timed out waiting for transform from base_link to map to become available, tf error: Lookup would require extrapolation into the past.  Requested time 9211.000000 but the earliest data is at time 9215.500000, when looking up transform from frame [base_link] to frame [map]
[component_container_isolated-1] [INFO] [1789871101.759407203] [robot1.global_costmap.global_costmap]: Timed out waiting for transform from base_link to map to become available, tf error: Lookup would require extrapolation into the past.  Requested time 9211.100000 but the earliest data is at time 9215.500000, when looking up transform from frame [base_link] to frame [map]
[component_container_isolated-1] [INFO] [1789871102.259409324] [robot1.global_costmap.global_costmap]: Timed out waiting for transform from base_link to map to become available, tf error: Lookup would require extrapolation into the past.  Requested time 9211.220000 but the earliest data is at time 9215.500000, when looking up transform from frame [base_link] to frame [map]
[component_container_isolated-1] [INFO] [1789871102.759409964] [robot1.global_costmap.global_costmap]: Timed out waiting for transform from base_link to map to become available, tf error: Lookup would require extrapolation into the past.  Requested time 9211.320000 but the earliest data is at time 9215.500000, when looking up transform from frame [base_link] to frame [map]
[component_container_isolated-1] [INFO] [1789871103.259413538] [robot1.global_costmap.global_costmap]: Timed out waiting for transform from base_link to map to become available, tf error: Lookup would require extrapolation into the past.  Requested time 9211.419000 but the earliest data is at time 9215.500000, when looking up transform from frame [base_link] to frame [map]
[component_container_isolated-1] [INFO] [1789871103.759397635] [robot1.global_costmap.global_costmap]: Timed out waiting for transform from base_link to map to become available, tf error: Lookup would require extrapolation into the past.  Requested time 9211.539000 but the earliest data is at time 9215.500000, when looking up transform from frame [base_link] to frame [map]
[component_container_isolated-1] [INFO] [1789871104.260738395] [robot1.global_costmap.global_costmap]: Timed out waiting for transform from base_link to map to become available, tf error: Lookup would require extrapolation into the past.  Requested time 9211.660000 but the earliest data is at time 9215.500000, when looking up transform from frame [base_link] to frame [map]
[component_container_isolated-1] [INFO] [1789871104.759954699] [robot1.global_costmap.global_costmap]: Timed out waiting for transform from base_link to map to become available, tf error: Lookup would require extrapolation into the past.  Requested time 9211.780000 but the earliest data is at time 9215.500000, when looking up transform from frame [base_link] to frame [map]
[component_container_isolated-1] [INFO] [1789871105.259395871] [robot1.global_costmap.global_costmap]: Timed out waiting for transform from base_link to map to become available, tf error: Lookup would require extrapolation into the past.  Requested time 9211.900000 but the earliest data is at time 9215.500000, when looking up transform from frame [base_link] to frame [map]
[component_container_isolated-1] [INFO] [1789871105.759443831] [robot1.global_costmap.global_costmap]: Timed out waiting for transform from base_link to map to become available, tf error: Lookup would require extrapolation into the past.  Requested time 9212.000000 but the earliest data is at time 9215.500000, when looking up transform from frame [base_link] to frame [map]
[rviz2-2] [INFO] [1789871106.187978784] [robot1.rviz2]: Message Filter dropping message: frame 'odom' at time 9211.900 for reason 'the timestamp on the message is earlier than all the data in the transform cache'
[component_container_isolated-1] [INFO] [1789871106.259504439] [robot1.global_costmap.global_costmap]: Timed out waiting for transform from base_link to map to become available, tf error: Lookup would require extrapolation into the past.  Requested time 9212.100000 but the earliest data is at time 9215.500000, when looking up transform from frame [base_link] to frame [map]
[component_container_isolated-1] [INFO] [1789871106.759434163] [robot1.global_costmap.global_costmap]: Timed out waiting for transform from base_link to map to become available, tf error: Lookup would require extrapolation into the past.  Requested time 9212.199000 but the earliest data is at time 9215.500000, when looking up transform from frame [base_link] to frame [map]
[component_container_isolated-1] [INFO] [1789871107.259440071] [robot1.global_costmap.global_costmap]: Timed out waiting for transform from base_link to map to become available, tf error: Lookup would require extrapolation into the past.  Requested time 9212.320000 but the earliest data is at time 9215.500000, when looking up transform from frame [base_link] to frame [map]
[rviz2-2] [INFO] [1789871107.725807494] [robot1.rviz2]: Message Filter dropping message: frame 'velodyne' at time 9211.400 for reason 'discarding message because the queue is full'
[component_container_isolated-1] [INFO] [1789871107.759406595] [robot1.global_costmap.global_costmap]: Timed out waiting for transform from base_link to map to become available, tf error: Lookup would require extrapolation into the past.  Requested time 9212.440000 but the earliest data is at time 9215.500000, when looking up transform from frame [base_link] to frame [map]
[component_container_isolated-1] [INFO] [1789871108.259390920] [robot1.global_costmap.global_costmap]: Timed out waiting for transform from base_link to map to become available, tf error: Lookup would require extrapolation into the past.  Requested time 9212.560000 but the earliest data is at time 9215.500000, when looking up transform from frame [base_link] to frame [map]
[component_container_isolated-1] [INFO] [1789871108.759375443] [robot1.global_costmap.global_costmap]: Timed out waiting for transform from base_link to map to become available, tf error: Lookup would require extrapolation into the past.  Requested time 9212.679000 but the earliest data is at time 9215.500000, when looking up transform from frame [base_link] to frame [map]
[component_container_isolated-1] [INFO] [1789871109.259375994] [robot1.global_costmap.global_costmap]: Timed out waiting for transform from base_link to map to become available, tf error: Lookup would require extrapolation into the past.  Requested time 9212.800000 but the earliest data is at time 9215.500000, when looking up transform from frame [base_link] to frame [map]
[component_container_isolated-1] [INFO] [1789871109.759380837] [robot1.global_costmap.global_costmap]: Timed out waiting for transform from base_link to map to become available, tf error: Lookup would require extrapolation into the past.  Requested time 9212.900000 but the earliest data is at time 9215.500000, when looking up transform from frame [base_link] to frame [map]
[component_container_isolated-1] [INFO] [1789871110.259732295] [robot1.global_costmap.global_costmap]: Timed out waiting for transform from base_link to map to become available, tf error: Lookup would require extrapolation into the past.  Requested time 9213.000000 but the earliest data is at time 9215.500000, when looking up transform from frame [base_link] to frame [map]
[component_container_isolated-1] [INFO] [1789871110.759469939] [robot1.global_costmap.global_costmap]: Timed out waiting for transform from base_link to map to become available, tf error: Lookup would require extrapolation into the past.  Requested time 9213.100000 but the earliest data is at time 9215.500000, when looking up transform from frame [base_link] to frame [map]
[component_container_isolated-1] [INFO] [1789871111.259377510] [robot1.global_costmap.global_costmap]: Timed out waiting for transform from base_link to map to become available, tf error: Lookup would require extrapolation into the past.  Requested time 9213.219000 but the earliest data is at time 9215.500000, when looking up transform from frame [base_link] to frame [map]
[component_container_isolated-1] [INFO] [1789871111.759405619] [robot1.global_costmap.global_costmap]: Timed out waiting for transform from base_link to map to become available, tf error: Lookup would require extrapolation into the past.  Requested time 9213.330000 but the earliest data is at time 9215.500000, when looking up transform from frame [base_link] to frame [map]
[rviz2-2] [INFO] [1789871112.186500555] [robot1.rviz2]: Message Filter dropping message: frame 'odom' at time 9213.318 for reason 'the timestamp on the message is earlier than all the data in the transform cache'
[component_container_isolated-1] [INFO] [1789871112.259495325] [robot1.global_costmap.global_costmap]: Timed out waiting for transform from base_link to map to become available, tf error: Lookup would require extrapolation into the past.  Requested time 9213.430000 but the earliest data is at time 9215.500000, when looking up transform from frame [base_link] to frame [map]
[component_container_isolated-1] [INFO] [1789871112.759444017] [robot1.global_costmap.global_costmap]: Timed out waiting for transform from base_link to map to become available, tf error: Lookup would require extrapolation into the past.  Requested time 9213.560000 but the earliest data is at time 9215.500000, when looking up transform from frame [base_link] to frame [map]
[component_container_isolated-1] [INFO] [1789871113.259388298] [robot1.global_costmap.global_costmap]: Timed out waiting for transform from base_link to map to become available, tf error: Lookup would require extrapolation into the past.  Requested time 9213.700000 but the earliest data is at time 9215.500000, when looking up transform from frame [base_link] to frame [map]
[component_container_isolated-1] [INFO] [1789871113.759472663] [robot1.global_costmap.global_costmap]: Timed out waiting for transform from base_link to map to become available, tf error: Lookup would require extrapolation into the past.  Requested time 9213.800000 but the earliest data is at time 9215.500000, when looking up transform from frame [base_link] to frame [map]
[component_container_isolated-1] [INFO] [1789871114.259375463] [robot1.global_costmap.global_costmap]: Timed out waiting for transform from base_link to map to become available, tf error: Lookup would require extrapolation into the past.  Requested time 9213.900000 but the earliest data is at time 9215.500000, when looking up transform from frame [base_link] to frame [map]
[component_container_isolated-1] [INFO] [1789871114.759400429] [robot1.global_costmap.global_costmap]: Timed out waiting for transform from base_link to map to become available, tf error: Lookup would require extrapolation into the past.  Requested time 9214.020000 but the earliest data is at time 9215.500000, when looking up transform from frame [base_link] to frame [map]
[component_container_isolated-1] [INFO] [1789871115.259381923] [robot1.global_costmap.global_costmap]: Timed out waiting for transform from base_link to map to become available, tf error: Lookup would require extrapolation into the past.  Requested time 9214.140000 but the earliest data is at time 9215.500000, when looking up transform from frame [base_link] to frame [map]
[component_container_isolated-1] [INFO] [1789871115.759398073] [robot1.global_costmap.global_costmap]: Timed out waiting for transform from base_link to map to become available, tf error: Lookup would require extrapolation into the past.  Requested time 9214.260000 but the earliest data is at time 9215.500000, when looking up transform from frame [base_link] to frame [map]
[component_container_isolated-1] [INFO] [1789871116.263982188] [robot1.global_costmap.global_costmap]: Timed out waiting for transform from base_link to map to become available, tf error: Lookup would require extrapolation into the past.  Requested time 9214.379000 but the earliest data is at time 9215.500000, when looking up transform from frame [base_link] to frame [map]
[component_container_isolated-1] [INFO] [1789871116.759376291] [robot1.global_costmap.global_costmap]: Timed out waiting for transform from base_link to map to become available, tf error: Lookup would require extrapolation into the past.  Requested time 9214.480000 but the earliest data is at time 9215.500000, when looking up transform from frame [base_link] to frame [map]
[component_container_isolated-1] [INFO] [1789871117.259386500] [robot1.global_costmap.global_costmap]: Timed out waiting for transform from base_link to map to become available, tf error: Lookup would require extrapolation into the past.  Requested time 9214.600000 but the earliest data is at time 9215.500000, when looking up transform from frame [base_link] to frame [map]
[rviz2-2] [INFO] [1789871117.406761067] [robot1.rviz2]: Message Filter dropping message: frame 'odom' at time 9214.420 for reason 'the timestamp on the message is earlier than all the data in the transform cache'
[component_container_isolated-1] [INFO] [1789871117.759400412] [robot1.global_costmap.global_costmap]: Timed out waiting for transform from base_link to map to become available, tf error: Lookup would require extrapolation into the past.  Requested time 9214.700000 but the earliest data is at time 9215.500000, when looking up transform from frame [base_link] to frame [map]
[component_container_isolated-1] [INFO] [1789871118.259385642] [robot1.global_costmap.global_costmap]: Timed out waiting for transform from base_link to map to become available, tf error: Lookup would require extrapolation into the past.  Requested time 9214.819000 but the earliest data is at time 9215.500000, when looking up transform from frame [base_link] to frame [map]
[component_container_isolated-1] [INFO] [1789871118.759402593] [robot1.global_costmap.global_costmap]: Timed out waiting for transform from base_link to map to become available, tf error: Lookup would require extrapolation into the past.  Requested time 9214.920000 but the earliest data is at time 9215.500000, when looking up transform from frame [base_link] to frame [map]
[component_container_isolated-1] [INFO] [1789871119.259376607] [robot1.global_costmap.global_costmap]: Timed out waiting for transform from base_link to map to become available, tf error: Lookup would require extrapolation into the past.  Requested time 9215.040000 but the earliest data is at time 9215.500000, when looking up transform from frame [base_link] to frame [map]
[rviz2-2] [INFO] [1789871119.403138471] [robot1.rviz2]: Message Filter dropping message: frame 'velodyne' at time 9214.000 for reason 'discarding message because the queue is full'
[component_container_isolated-1] [INFO] [1789871119.760002951] [robot1.global_costmap.global_costmap]: Timed out waiting for transform from base_link to map to become available, tf error: Lookup would require extrapolation into the past.  Requested time 9215.180000 but the earliest data is at time 9215.500000, when looking up transform from frame [base_link] to frame [map]
[component_container_isolated-1] [INFO] [1789871120.259390499] [robot1.global_costmap.global_costmap]: Timed out waiting for transform from base_link to map to become available, tf error: Lookup would require extrapolation into the past.  Requested time 9215.280000 but the earliest data is at time 9215.500000, when looking up transform from frame [base_link] to frame [map]
[component_container_isolated-1] [INFO] [1789871120.759383934] [robot1.global_costmap.global_costmap]: Timed out waiting for transform from base_link to map to become available, tf error: Lookup would require extrapolation into the past.  Requested time 9215.400000 but the earliest data is at time 9215.500000, when looking up transform from frame [base_link] to frame [map]
[component_container_isolated-1] [INFO] [1789871121.259681877] [robot1.global_costmap.global_costmap]: start
[component_container_isolated-1] [INFO] [1789871122.311416217] [robot1.planner_server]: Activating plugin GridBased of type NavfnPlanner
[component_container_isolated-1] [INFO] [1789871122.312338509] [robot1.planner_server]: Creating bond (planner_server) to lifecycle manager.
[component_container_isolated-1] [INFO] [1789871122.415653875] [robot1.lifecycle_manager_navigation]: Server planner_server connected with bond.
[component_container_isolated-1] [INFO] [1789871122.415802431] [robot1.lifecycle_manager_navigation]: [34m[1mActivating behavior_server[0m[0m
[component_container_isolated-1] [INFO] [1789871122.416398100] [robot1.behavior_server]: Activating
[component_container_isolated-1] [INFO] [1789871122.416489829] [robot1.behavior_server]: Activating spin
[component_container_isolated-1] [INFO] [1789871122.416557760] [robot1.behavior_server]: Activating backup
[component_container_isolated-1] [INFO] [1789871122.416586571] [robot1.behavior_server]: Activating drive_on_heading
[component_container_isolated-1] [INFO] [1789871122.416611035] [robot1.behavior_server]: Activating wait
[component_container_isolated-1] [INFO] [1789871122.416657975] [robot1.behavior_server]: Creating bond (behavior_server) to lifecycle manager.
[component_container_isolated-1] [INFO] [1789871122.520102165] [robot1.lifecycle_manager_navigation]: Server behavior_server connected with bond.
[component_container_isolated-1] [INFO] [1789871122.520189767] [robot1.lifecycle_manager_navigation]: [34m[1mActivating bt_navigator[0m[0m
[component_container_isolated-1] [INFO] [1789871122.521407758] [robot1.bt_navigator]: Activating
[component_container_isolated-1] [INFO] [1789871122.558841177] [robot1.bt_navigator]: Creating bond (bt_navigator) to lifecycle manager.
[rviz2-2] [INFO] [1789871122.582882213] [rviz2]: Trying to create a map of size 615 x 318 using 1 swatches
[component_container_isolated-1] [INFO] [1789871122.661504897] [robot1.lifecycle_manager_navigation]: Server bt_navigator connected with bond.
[component_container_isolated-1] [INFO] [1789871122.661584634] [robot1.lifecycle_manager_navigation]: [34m[1mActivating waypoint_follower[0m[0m
[component_container_isolated-1] [INFO] [1789871122.662166344] [robot1.waypoint_follower]: Activating
[component_container_isolated-1] [INFO] [1789871122.662303101] [robot1.waypoint_follower]: Creating bond (waypoint_follower) to lifecycle manager.
[component_container_isolated-1] [INFO] [1789871122.775525936] [robot1.lifecycle_manager_navigation]: Server waypoint_follower connected with bond.
[component_container_isolated-1] [INFO] [1789871122.775598857] [robot1.lifecycle_manager_navigation]: [34m[1mActivating velocity_smoother[0m[0m
[component_container_isolated-1] [INFO] [1789871122.775980419] [robot1.velocity_smoother]: Activating
[component_container_isolated-1] [INFO] [1789871122.776111127] [robot1.velocity_smoother]: Creating bond (velocity_smoother) to lifecycle manager.
[component_container_isolated-1] [INFO] [1789871122.882522699] [robot1.lifecycle_manager_navigation]: Server velocity_smoother connected with bond.
[component_container_isolated-1] [INFO] [1789871122.882617384] [robot1.lifecycle_manager_navigation]: [34m[1mManaged nodes are active[0m[0m
[component_container_isolated-1] [INFO] [1789871122.882639277] [robot1.lifecycle_manager_navigation]: [34m[1mCreating bond timer...[0m[0m
[rviz2-2] [INFO] [1789871123.566782450] [rviz2]: Trying to create a map of size 60 x 60 using 1 swatches
[rviz2-2] [INFO] [1789871128.894716444] [robot1.rviz2]: Message Filter dropping message: frame 'odom' at time 9216.940 for reason 'the timestamp on the message is earlier than all the data in the transform cache'
[rviz2-2] [INFO] [1789871140.230844895] [robot1.rviz2]: Message Filter dropping message: frame 'odom' at time 9219.499 for reason 'the timestamp on the message is earlier than all the data in the transform cache'
[rviz2-2] [INFO] [1789871151.570816107] [robot1.rviz2]: Message Filter dropping message: frame 'odom' at time 9222.080 for reason 'the timestamp on the message is earlier than all the data in the transform cache'
[rviz2-2] [INFO] [1789871161.558339872] [robot1.rviz2]: Message Filter dropping message: frame 'velodyne' at time 9214.600 for reason 'the timestamp on the message is earlier than all the data in the transform cache'
[rviz2-2] [INFO] [1789871162.280389865] [robot1.rviz2]: Message Filter dropping message: frame 'odom' at time 9224.540 for reason 'the timestamp on the message is earlier than all the data in the transform cache'
[rviz2-2] [INFO] [1789871173.494093519] [robot1.rviz2]: Message Filter dropping message: frame 'odom' at time 9227.120 for reason 'the timestamp on the message is earlier than all the data in the transform cache'
[rviz2-2] [INFO] [1789871184.204576452] [robot1.rviz2]: Message Filter dropping message: frame 'odom' at time 9229.760 for reason 'the timestamp on the message is earlier than all the data in the transform cache'
[rviz2-2] [INFO] [1789871195.211631364] [robot1.rviz2]: Message Filter dropping message: frame 'odom' at time 9232.300 for reason 'the timestamp on the message is earlier than all the data in the transform cache'
[rviz2-2] [INFO] [1789871205.645474496] [robot1.rviz2]: Message Filter dropping message: frame 'odom' at time 9234.840 for reason 'the timestamp on the message is earlier than all the data in the transform cache'
[rviz2-2] [INFO] [1789871215.847450028] [robot1.rviz2]: Message Filter dropping message: frame 'odom' at time 9237.320 for reason 'the timestamp on the message is earlier than all the data in the transform cache'
[rviz2-2] [INFO] [1789871226.086303378] [robot1.rviz2]: Message Filter dropping message: frame 'odom' at time 9239.840 for reason 'the timestamp on the message is earlier than all the data in the transform cache'
[rviz2-2] [INFO] [1789871236.276421404] [robot1.rviz2]: Message Filter dropping message: frame 'odom' at time 9242.400 for reason 'the timestamp on the message is earlier than all the data in the transform cache'
[rviz2-2] [INFO] [1789871246.375398794] [robot1.rviz2]: Message Filter dropping message: frame 'odom' at time 9244.920 for reason 'the timestamp on the message is earlier than all the data in the transform cache'
[rviz2-2] [INFO] [1789871256.758871174] [robot1.rviz2]: Message Filter dropping message: frame 'odom' at time 9247.540 for reason 'the timestamp on the message is earlier than all the data in the transform cache'
[rviz2-2] [INFO] [1789871267.368089496] [robot1.rviz2]: Message Filter dropping message: frame 'odom' at time 9250.120 for reason 'the timestamp on the message is earlier than all the data in the transform cache'
[rviz2-2] [INFO] [1789871277.367247281] [robot1.rviz2]: Message Filter dropping message: frame 'odom' at time 9252.640 for reason 'the timestamp on the message is earlier than all the data in the transform cache'
[rviz2-2] [INFO] [1789871287.601724457] [robot1.rviz2]: Message Filter dropping message: frame 'odom' at time 9255.180 for reason 'the timestamp on the message is earlier than all the data in the transform cache'
[rviz2-2] [INFO] [1789871298.153632913] [robot1.rviz2]: Message Filter dropping message: frame 'odom' at time 9257.840 for reason 'the timestamp on the message is earlier than all the data in the transform cache'
[rviz2-2] [INFO] [1789871308.232146902] [robot1.rviz2]: Message Filter dropping message: frame 'odom' at time 9260.320 for reason 'the timestamp on the message is earlier than all the data in the transform cache'
[rviz2-2] [INFO] [1789871485.150977832] [robot1.rviz2]: Message Filter dropping message: frame 'odom' at time 9301.098 for reason 'the timestamp on the message is earlier than all the data in the transform cache'
[rviz2-2] [INFO] [1789871496.687691916] [robot1.rviz2]: Message Filter dropping message: frame 'odom' at time 9303.680 for reason 'the timestamp on the message is earlier than all the data in the transform cache'
[component_container_isolated-1] [INFO] [1789871547.647460502] [robot1.bt_navigator]: Begin navigating from current location (-0.00, -0.01) to (1.00, 0.00)
[component_container_isolated-1] [INFO] [1789871547.668799564] [robot1.controller_server]: Received a goal, begin computing control effort.
[component_container_isolated-1] [WARN] [1789871547.669031974] [robot1.controller_server]: No goal checker was specified in parameter 'current_goal_checker'. Server will use only plugin loaded general_goal_checker . This warning will appear once.
[component_container_isolated-1] [INFO] [1789871548.719671807] [robot1.controller_server]: Passing new path to controller.
[component_container_isolated-1] [INFO] [1789871549.769670704] [robot1.controller_server]: Passing new path to controller.
[component_container_isolated-1] [INFO] [1789871550.769589757] [robot1.controller_server]: Passing new path to controller.
[component_container_isolated-1] [INFO] [1789871551.819581787] [robot1.controller_server]: Passing new path to controller.
[component_container_isolated-1] [INFO] [1789871552.819578651] [robot1.controller_server]: Passing new path to controller.
[component_container_isolated-1] [INFO] [1789871553.869586800] [robot1.controller_server]: Passing new path to controller.
[component_container_isolated-1] [INFO] [1789871554.869627843] [robot1.controller_server]: Passing new path to controller.
[component_container_isolated-1] [INFO] [1789871555.919568087] [robot1.controller_server]: Passing new path to controller.
[component_container_isolated-1] [INFO] [1789871556.919579450] [robot1.controller_server]: Passing new path to controller.
[component_container_isolated-1] [INFO] [1789871557.969596178] [robot1.controller_server]: Passing new path to controller.
[component_container_isolated-1] [INFO] [1789871559.019575070] [robot1.controller_server]: Passing new path to controller.
[component_container_isolated-1] [INFO] [1789871560.019578689] [robot1.controller_server]: Passing new path to controller.
[component_container_isolated-1] [INFO] [1789871561.069627977] [robot1.controller_server]: Passing new path to controller.
[component_container_isolated-1] [INFO] [1789871562.069588409] [robot1.controller_server]: Passing new path to controller.
[component_container_isolated-1] [INFO] [1789871562.978000711] [robot1.controller_server]: Reached the goal!
[component_container_isolated-1] [INFO] [1789871563.008027812] [robot1.bt_navigator]: Goal succeeded
[rviz2-2] [INFO] [1789871563.355406219] [robot1.rviz2]: Message Filter dropping message: frame 'odom' at time 9318.399 for reason 'the timestamp on the message is earlier than all the data in the transform cache'
[rviz2-2] [INFO] [1789871612.846295539] [robot1.rviz2]: Message Filter dropping message: frame 'odom' at time 9329.290 for reason 'the timestamp on the message is earlier than all the data in the transform cache'
[rviz2-2] [INFO] [1789871625.708688502] [robot1.rviz2]: Message Filter dropping message: frame 'odom' at time 9332.060 for reason 'the timestamp on the message is earlier than all the data in the transform cache'
[rviz2-2] [INFO] [1789871668.171197108] [robot1.rviz2]: Message Filter dropping message: frame 'odom' at time 9341.199 for reason 'the timestamp on the message is earlier than all the data in the transform cache'
[rviz2-2] [INFO] [1789871680.925461630] [robot1.rviz2]: Message Filter dropping message: frame 'odom' at time 9343.780 for reason 'the timestamp on the message is earlier than all the data in the transform cache'
[rviz2-2] [INFO] [1789871786.245961200] [robot1.rviz2]: Message Filter dropping message: frame 'odom' at time 9366.980 for reason 'the timestamp on the message is earlier than all the data in the transform cache'
[rviz2-2] [INFO] [1789871797.594531647] [robot1.rviz2]: Message Filter dropping message: frame 'odom' at time 9369.540 for reason 'the timestamp on the message is earlier than all the data in the transform cache'
[rviz2-2] [INFO] [1789871810.861599188] [robot1.rviz2]: Message Filter dropping message: frame 'odom' at time 9372.280 for reason 'the timestamp on the message is earlier than all the data in the transform cache'
[rviz2-2] [INFO] [1789872123.039534288] [robot1.rviz2]: Message Filter dropping message: frame 'odom' at time 9443.099 for reason 'the timestamp on the message is earlier than all the data in the transform cache'
[rviz2-2] [INFO] [1789872134.125520786] [robot1.rviz2]: Message Filter dropping message: frame 'odom' at time 9445.780 for reason 'the timestamp on the message is earlier than all the data in the transform cache'
[rviz2-2] [INFO] [1789872145.207499091] [robot1.rviz2]: Message Filter dropping message: frame 'odom' at time 9448.240 for reason 'the timestamp on the message is earlier than all the data in the transform cache'
[rviz2-2] [INFO] [1789872157.577767167] [robot1.rviz2]: Message Filter dropping message: frame 'odom' at time 9450.760 for reason 'the timestamp on the message is earlier than all the data in the transform cache'
[rviz2-2] [INFO] [1789872169.613514869] [robot1.rviz2]: Message Filter dropping message: frame 'odom' at time 9453.340 for reason 'the timestamp on the message is earlier than all the data in the transform cache'
[rviz2-2] [INFO] [1789872182.392246107] [robot1.rviz2]: Message Filter dropping message: frame 'odom' at time 9456.080 for reason 'the timestamp on the message is earlier than all the data in the transform cache'
[rviz2-2] [INFO] [1789872194.174058721] [robot1.rviz2]: Message Filter dropping message: frame 'odom' at time 9458.580 for reason 'the timestamp on the message is earlier than all the data in the transform cache'
[rviz2-2] [INFO] [1789872206.134381926] [robot1.rviz2]: Message Filter dropping message: frame 'odom' at time 9461.280 for reason 'the timestamp on the message is earlier than all the data in the transform cache'
[rviz2-2] [INFO] [1789872218.347671258] [robot1.rviz2]: Message Filter dropping message: frame 'odom' at time 9463.860 for reason 'the timestamp on the message is earlier than all the data in the transform cache'
[rviz2-2] [INFO] [1789872230.666364872] [robot1.rviz2]: Message Filter dropping message: frame 'odom' at time 9466.460 for reason 'the timestamp on the message is earlier than all the data in the transform cache'
[rviz2-2] [INFO] [1789872242.458587791] [robot1.rviz2]: Message Filter dropping message: frame 'odom' at time 9468.980 for reason 'the timestamp on the message is earlier than all the data in the transform cache'
[rviz2-2] [INFO] [1789872253.825165634] [robot1.rviz2]: Message Filter dropping message: frame 'odom' at time 9471.560 for reason 'the timestamp on the message is earlier than all the data in the transform cache'
[rviz2-2] [INFO] [1789872266.158493627] [robot1.rviz2]: Message Filter dropping message: frame 'odom' at time 9474.378 for reason 'the timestamp on the message is earlier than all the data in the transform cache'
[rviz2-2] [INFO] [1789872277.599123790] [robot1.rviz2]: Message Filter dropping message: frame 'odom' at time 9476.960 for reason 'the timestamp on the message is earlier than all the data in the transform cache'
[rviz2-2] [INFO] [1789872289.586137011] [robot1.rviz2]: Message Filter dropping message: frame 'odom' at time 9479.580 for reason 'the timestamp on the message is earlier than all the data in the transform cache'
[rviz2-2] [INFO] [1789872302.012807674] [robot1.rviz2]: Message Filter dropping message: frame 'odom' at time 9482.140 for reason 'the timestamp on the message is earlier than all the data in the transform cache'
[rviz2-2] [INFO] [1789872315.100947627] [robot1.rviz2]: Message Filter dropping message: frame 'odom' at time 9484.760 for reason 'the timestamp on the message is earlier than all the data in the transform cache'
[rviz2-2] [INFO] [1789872327.459339576] [robot1.rviz2]: Message Filter dropping message: frame 'odom' at time 9487.399 for reason 'the timestamp on the message is earlier than all the data in the transform cache'
[rviz2-2] [INFO] [1789872338.867250488] [robot1.rviz2]: Message Filter dropping message: frame 'odom' at time 9489.900 for reason 'the timestamp on the message is earlier than all the data in the transform cache'
[rviz2-2] [INFO] [1789872350.237398364] [robot1.rviz2]: Message Filter dropping message: frame 'odom' at time 9492.480 for reason 'the timestamp on the message is earlier than all the data in the transform cache'
[rviz2-2] [INFO] [1789872361.555382797] [robot1.rviz2]: Message Filter dropping message: frame 'odom' at time 9495.030 for reason 'the timestamp on the message is earlier than all the data in the transform cache'
[rviz2-2] [INFO] [1789872373.122870722] [robot1.rviz2]: Message Filter dropping message: frame 'odom' at time 9497.640 for reason 'the timestamp on the message is earlier than all the data in the transform cache'
[rviz2-2] [INFO] [1789872384.259018878] [robot1.rviz2]: Message Filter dropping message: frame 'odom' at time 9500.100 for reason 'the timestamp on the message is earlier than all the data in the transform cache'
[rviz2-2] [INFO] [1789872395.439552620] [robot1.rviz2]: Message Filter dropping message: frame 'odom' at time 9502.640 for reason 'the timestamp on the message is earlier than all the data in the transform cache'
[rviz2-2] [INFO] [1789872408.758316755] [robot1.rviz2]: Message Filter dropping message: frame 'odom' at time 9505.380 for reason 'the timestamp on the message is earlier than all the data in the transform cache'
[rviz2-2] [INFO] [1789872421.562712377] [robot1.rviz2]: Message Filter dropping message: frame 'odom' at time 9507.980 for reason 'the timestamp on the message is earlier than all the data in the transform cache'
[rviz2-2] [INFO] [1789872432.833684465] [robot1.rviz2]: Message Filter dropping message: frame 'odom' at time 9510.420 for reason 'the timestamp on the message is earlier than all the data in the transform cache'
[rviz2-2] [INFO] [1789872444.971693859] [robot1.rviz2]: Message Filter dropping message: frame 'odom' at time 9513.180 for reason 'the timestamp on the message is earlier than all the data in the transform cache'
[rviz2-2] [INFO] [1789872457.244362359] [robot1.rviz2]: Message Filter dropping message: frame 'odom' at time 9515.799 for reason 'the timestamp on the message is earlier than all the data in the transform cache'
[rviz2-2] [INFO] [1789872470.359287533] [robot1.rviz2]: Message Filter dropping message: frame 'odom' at time 9518.478 for reason 'the timestamp on the message is earlier than all the data in the transform cache'
[rviz2-2] [INFO] [1789872482.009664972] [robot1.rviz2]: Message Filter dropping message: frame 'odom' at time 9521.020 for reason 'the timestamp on the message is earlier than all the data in the transform cache'
[rviz2-2] [INFO] [1789872494.806789270] [robot1.rviz2]: Message Filter dropping message: frame 'odom' at time 9523.760 for reason 'the timestamp on the message is earlier than all the data in the transform cache'
[rviz2-2] [INFO] [1789872506.203012257] [robot1.rviz2]: Message Filter dropping message: frame 'odom' at time 9526.340 for reason 'the timestamp on the message is earlier than all the data in the transform cache'
[rviz2-2] [INFO] [1789872517.309354195] [robot1.rviz2]: Message Filter dropping message: frame 'odom' at time 9528.880 for reason 'the timestamp on the message is earlier than all the data in the transform cache'
[rviz2-2] [INFO] [1789872529.182786472] [robot1.rviz2]: Message Filter dropping message: frame 'odom' at time 9531.420 for reason 'the timestamp on the message is earlier than all the data in the transform cache'
[rviz2-2] [INFO] [1789872541.081605450] [robot1.rviz2]: Message Filter dropping message: frame 'odom' at time 9533.980 for reason 'the timestamp on the message is earlier than all the data in the transform cache'
[rviz2-2] [INFO] [1789872553.074316793] [robot1.rviz2]: Message Filter dropping message: frame 'odom' at time 9536.530 for reason 'the timestamp on the message is earlier than all the data in the transform cache'
[rviz2-2] [INFO] [1789872564.656771900] [robot1.rviz2]: Message Filter dropping message: frame 'odom' at time 9539.020 for reason 'the timestamp on the message is earlier than all the data in the transform cache'
[rviz2-2] [INFO] [1789872576.217795641] [robot1.rviz2]: Message Filter dropping message: frame 'odom' at time 9541.599 for reason 'the timestamp on the message is earlier than all the data in the transform cache'
[rviz2-2] [INFO] [1789872587.547885760] [robot1.rviz2]: Message Filter dropping message: frame 'odom' at time 9544.140 for reason 'the timestamp on the message is earlier than all the data in the transform cache'
[rviz2-2] [INFO] [1789872599.149237720] [robot1.rviz2]: Message Filter dropping message: frame 'odom' at time 9546.780 for reason 'the timestamp on the message is earlier than all the data in the transform cache'
[rviz2-2] [INFO] [1789872610.862962467] [robot1.rviz2]: Message Filter dropping message: frame 'odom' at time 9549.330 for reason 'the timestamp on the message is earlier than all the data in the transform cache'
[rviz2-2] [INFO] [1789872623.321928980] [robot1.rviz2]: Message Filter dropping message: frame 'odom' at time 9551.980 for reason 'the timestamp on the message is earlier than all the data in the transform cache'
[rviz2-2] [INFO] [1789872634.800910768] [robot1.rviz2]: Message Filter dropping message: frame 'odom' at time 9554.520 for reason 'the timestamp on the message is earlier than all the data in the transform cache'
[rviz2-2] [INFO] [1789872646.674022326] [robot1.rviz2]: Message Filter dropping message: frame 'odom' at time 9557.280 for reason 'the timestamp on the message is earlier than all the data in the transform cache'
[rviz2-2] [INFO] [1789872658.670187277] [robot1.rviz2]: Message Filter dropping message: frame 'odom' at time 9559.760 for reason 'the timestamp on the message is earlier than all the data in the transform cache'
[rviz2-2] [INFO] [1789872670.973375681] [robot1.rviz2]: Message Filter dropping message: frame 'odom' at time 9562.580 for reason 'the timestamp on the message is earlier than all the data in the transform cache'
[rviz2-2] [INFO] [1789872682.042306539] [robot1.rviz2]: Message Filter dropping message: frame 'odom' at time 9565.040 for reason 'the timestamp on the message is earlier than all the data in the transform cache'
[rviz2-2] [INFO] [1789872693.327862641] [robot1.rviz2]: Message Filter dropping message: frame 'odom' at time 9567.640 for reason 'the timestamp on the message is earlier than all the data in the transform cache'
[rviz2-2] [INFO] [1789872704.928287486] [robot1.rviz2]: Message Filter dropping message: frame 'odom' at time 9570.280 for reason 'the timestamp on the message is earlier than all the data in the transform cache'
[rviz2-2] [INFO] [1789872715.941443002] [robot1.rviz2]: Message Filter dropping message: frame 'odom' at time 9572.780 for reason 'the timestamp on the message is earlier than all the data in the transform cache'
